tick,agent_id,x,y,active_agents,messages_sent
0,4fbddeb6-3675-4a9a-91c0-24a77fe7dabf,22,1,6,0
0,77f2b801-c6ac-4ae9-81c9-4d43fd679b7f,1,1,6,0
0,2302f02c-c357-4d8f-9300-7d044f16ae30,23,5,6,0
0,6fb7f9a5-0d81-4b4a-ab14-8d6072a85b95,16,5,6,0
0,8bbfa3c3-8f11-43ea-8c70-96f82fa4cda6,4,1,6,0
0,f5726084-fac8-4a36-b63a-88c184fa6b76,2,5,6,0
1,4fbddeb6-3675-4a9a-91c0-24a77fe7dabf,22,1,6,0
1,77f2b801-c6ac-4ae9-81c9-4d43fd679b7f,1,1,6,0
1,2302f02c-c357-4d8f-9300-7d044f16ae30,23,5,6,0
1,6fb7f9a5-0d81-4b4a-ab14-8d6072a85b95,16,5,6,0
1,8bbfa3c3-8f11-43ea-8c70-96f82fa4cda6,4,1,6,0
1,f5726084-fac8-4a36-b63a-88c184fa6b76,2,5,6,0
2,4fbddeb6-3675-4a9a-91c0-24a77fe7dabf,21,1,6,0
2,77f2b801-c6ac-4ae9-81c9-4d43fd679b7f,1,1,6,0
2,2302f02c-c357-4d8f-9300-7d044f16ae30,23,5,6,0
2,6fb7f9a5-0d81-4b4a-ab14-8d6072a85b95,16,5,6,0
2,8bbfa3c3-8f11-43ea-8c70-96f82fa4cda6,4,1,6,0
2,f5726084-fac8-4a36-b63a-88c184fa6b76,2,5,6,0
3,4fbddeb6-3675-4a9a-91c0-24a77fe7dabf,20,1,6,0
3,77f2b801-c6ac-4ae9-81c9-4d43fd679b7f,1,1,6,0
3,2302f02c-c357-4d8f-9300-7d044f16ae30,23,5,6,0
3,6fb7f9a5-0d81-4b4a-ab14-8d6072a85b95,16,5,6,0
3,8bbfa3c3-8f11-43ea-8c70-96f82fa4cda6,4,1,6,0
3,f5726084-fac8-4a36-b63a-88c184fa6b76,2,5,6,0
4,4fbddeb6-3675-4a9a-91c0-24a77fe7dabf,19,1,6,0
4,77f2b801-c6ac-4ae9-81c9-4d43fd679b7f,1,1,6,0
4,2302f02c-c357-4d8f-9300-7d044f16ae30,23,5,6,0
4,6fb7f9a5-0d81-4b4a-ab14-8d6072a85b95,16,5,6,0
4,8bbfa3c3-8f11-43ea-8c70-96f82fa4cda6,4,1,6,0
4,f5726084-fac8-4a36-b63a-88c184fa6b76,2,5,6,0
5,4fbddeb6-3675-4a9a-91c0-24a77fe7dabf,18,1,6,0
5,77f2b801-c6ac-4ae9-81c9-4d43fd679b7f,1,1,6,0
5,2302f02c-c357-4d8f-9300-7d044f16ae30,24,5,6,0
5,6fb7f9a5-0d81-4b4a-ab14-8d6072a85b95,16,5,6,0
5,8bbfa3c3-8f11-43ea-8c70-96f82fa4cda6,4,1,6,0
5,f5726084-fac8-4a36-b63a-88c184fa6b76,2,5,6,0
6,4fbddeb6-3675-4a9a-91c0-24a77fe7dabf,17,1,6,0
6,77f2b801-c6ac-4ae9-81c9-4d43fd679b7f,1,1,6,0
6,2302f02c-c357-4d8f-9300-7d044f16ae30,24,5,6,0
6,6fb7f9a5-0d81-4b4a-ab14-8d6072a85b95,16,5,6,0
6,8bbfa3c3-8f11-43ea-8c70-96f82fa4cda6,4,1,6,0
6,f5726084-fac8-4a36-b63a-88c184fa6b76,2,5,6,0
7,4fbddeb6-3675-4a9a-91c0-24a77fe7dabf,16,1,6,0
7,77f2b801-c6ac-4ae9-81c9-4d43fd679b7f,0,1,6,0
7,2302f02c-c357-4d8f-9300-7d044f16ae30,24,5,6,0
7,6fb7f9a5-0d81-4b4a-ab14-8d6072a85b95,16,5,6,0
7,8bbfa3c3-8f11-43ea-8c70-96f82fa4cda6,3,1,6,0
7,f5726084-fac8-4a36-b63a-88c184fa6b76,2,5,6,0
8,4fbddeb6-3675-4a9a-91c0-24a77fe7dabf,15,1,6,0
8,77f2b801-c6ac-4ae9-81c9-4d43fd679b7f,0,1,6,0
8,2302f02c-c357-4d8f-9300-7d044f16ae30,24,4,6,0
8,6fb7f9a5-0d81-4b4a-ab14-8d6072a85b95,16,5,6,0
8,8bbfa3c3-8f11-43ea-8c70-96f82fa4cda6,3,1,6,0
8,f5726084-fac8-4a36-b63a-88c184fa6b76,2,5,6,0
9,4fbddeb6-3675-4a9a-91c0-24a77fe7dabf,14,1,6,0
9,77f2b801-c6ac-4ae9-81c9-4d43fd679b7f,0,1,6,0
9,2302f02c-c357-4d8f-9300-7d044f16ae30,24,4,6,0
9,6fb7f9a5-0d81-4b4a-ab14-8d6072a85b95,15,5,6,0
9,8bbfa3c3-8f11-43ea-8c70-96f82fa4cda6,3,1,6,0
9,f5726084-fac8-4a36-b63a-88c184fa6b76,3,5,6,0
10,4fbddeb6-3675-4a9a-91c0-24a77fe7dabf,13,1,5,0
10,77f2b801-c6ac-4ae9-81c9-4d43fd679b7f,0,1,5,0
10,2302f02c-c357-4d8f-9300-7d044f16ae30,24,4,5,0
10,6fb7f9a5-0d81-4b4a-ab14-8d6072a85b95,15,5,5,0
10,8bbfa3c3-8f11-43ea-8c70-96f82fa4cda6,3,1,5,0
10,f5726084-fac8-4a36-b63a-88c184fa6b76,3,5,5,0
11,4fbddeb6-3675-4a9a-91c0-24a77fe7dabf,13,1,5,0
11,77f2b801-c6ac-4ae9-81c9-4d43fd679b7f,0,2,5,0
11,2302f02c-c357-4d8f-9300-7d044f16ae30,24,3,5,0
11,6fb7f9a5-0d81-4b4a-ab14-8d6072a85b95,15,5,5,0
11,8bbfa3c3-8f11-43ea-8c70-96f82fa4cda6,2,1,5,0
11,f5726084-fac8-4a36-b63a-88c184fa6b76,3,5,5,0
12,4fbddeb6-3675-4a9a-91c0-24a77fe7dabf,13,1,5,0
12,77f2b801-c6ac-4ae9-81c9-4d43fd679b7f,0,2,5,0
12,2302f02c-c357-4d8f-9300-7d044f16ae30,24,3,5,0
12,6fb7f9a5-0d81-4b4a-ab14-8d6072a85b95,15,5,5,0
12,8bbfa3c3-8f11-43ea-8c70-96f82fa4cda6,2,1,5,0
12,f5726084-fac8-4a36-b63a-88c184fa6b76,3,5,5,0
13,4fbddeb6-3675-4a9a-91c0-24a77fe7dabf,13,1,5,0
13,77f2b801-c6ac-4ae9-81c9-4d43fd679b7f,0,2,5,0
13,2302f02c-c357-4d8f-9300-7d044f16ae30,24,3,5,0
13,6fb7f9a5-0d81-4b4a-ab14-8d6072a85b95,15,5,5,0
13,8bbfa3c3-8f11-43ea-8c70-96f82fa4cda6,2,1,5,0
13,f5726084-fac8-4a36-b63a-88c184fa6b76,3,5,5,0
14,4fbddeb6-3675-4a9a-91c0-24a77fe7dabf,13,1,5,0
14,77f2b801-c6ac-4ae9-81c9-4d43fd679b7f,0,2,5,0
14,2302f02c-c357-4d8f-9300-7d044f16ae30,24,2,5,0
14,6fb7f9a5-0d81-4b4a-ab14-8d6072a85b95,14,5,5,0
14,8bbfa3c3-8f11-43ea-8c70-96f82fa4cda6,2,1,5,0
14,f5726084-fac8-4a36-b63a-88c184fa6b76,4,5,5,0
15,4fbddeb6-3675-4a9a-91c0-24a77fe7dabf,13,1,5,0
15,77f2b801-c6ac-4ae9-81c9-4d43fd679b7f,0,3,5,0
15,2302f02c-c357-4d8f-9300-7d044f16ae30,24,2,5,0
15,6fb7f9a5-0d81-4b4a-ab14-8d6072a85b95,14,5,5,0
15,8bbfa3c3-8f11-43ea-8c70-96f82fa4cda6,1,1,5,0
15,f5726084-fac8-4a36-b63a-88c184fa6b76,4,5,5,0
16,4fbddeb6-3675-4a9a-91c0-24a77fe7dabf,13,1,5,0
16,77f2b801-c6ac-4ae9-81c9-4d43fd679b7f,0,3,5,0
16,2302f02c-c357-4d8f-9300-7d044f16ae30,24,2,5,0
16,6fb7f9a5-0d81-4b4a-ab14-8d6072a85b95,14,5,5,0
16,8bbfa3c3-8f11-43ea-8c70-96f82fa4cda6,1,1,5,0
16,f5726084-fac8-4a36-b63a-88c184fa6b76,4,5,5,0
17,4fbddeb6-3675-4a9a-91c0-24a77fe7dabf,13,1,4,0
17,77f2b801-c6ac-4ae9-81c9-4d43fd679b7f,0,3,4,0
17,2302f02c-c357-4d8f-9300-7d044f16ae30,24,1,4,0
17,6fb7f9a5-0d81-4b4a-ab14-8d6072a85b95,14,5,4,0
17,8bbfa3c3-8f11-43ea-8c70-96f82fa4cda6,1,1,4,0
17,f5726084-fac8-4a36-b63a-88c184fa6b76,4,5,4,0
18,4fbddeb6-3675-4a9a-91c0-24a77fe7dabf,13,1,4,0
18,77f2b801-c6ac-4ae9-81c9-4d43fd679b7f,0,3,4,0
18,2302f02c-c357-4d8f-9300-7d044f16ae30,24,1,4,0
18,6fb7f9a5-0d81-4b4a-ab14-8d6072a85b95,14,5,4,0
18,8bbfa3c3-8f11-43ea-8c70-96f82fa4cda6,1,1,4,0
18,f5726084-fac8-4a36-b63a-88c184fa6b76,4,5,4,0
19,4fbddeb6-3675-4a9a-91c0-24a77fe7dabf,13,1,3,0
19,77f2b801-c6ac-4ae9-81c9-4d43fd679b7f,0,4,3,0
19,2302f02c-c357-4d8f-9300-7d044f16ae30,24,1,3,0
19,6fb7f9a5-0d81-4b4a-ab14-8d6072a85b95,13,5,3,0
19,8bbfa3c3-8f11-43ea-8c70-96f82fa4cda6,0,1,3,0
19,f5726084-fac8-4a36-b63a-88c184fa6b76,5,5,3,0
20,4fbddeb6-3675-4a9a-91c0-24a77fe7dabf,13,1,3,0
20,77f2b801-c6ac-4ae9-81c9-4d43fd679b7f,0,4,3,0
20,2302f02c-c357-4d8f-9300-7d044f16ae30,24,1,3,0
20,6fb7f9a5-0d81-4b4a-ab14-8d6072a85b95,13,5,3,0
20,8bbfa3c3-8f11-43ea-8c70-96f82fa4cda6,0,1,3,0
20,f5726084-fac8-4a36-b63a-88c184fa6b76,5,5,3,0
21,4fbddeb6-3675-4a9a-91c0-24a77fe7dabf,13,1,3,0
21,77f2b801-c6ac-4ae9-81c9-4d43fd679b7f,0,4,3,0
21,2302f02c-c357-4d8f-9300-7d044f16ae30,24,1,3,0
21,6fb7f9a5-0d81-4b4a-ab14-8d6072a85b95,13,5,3,0
21,8bbfa3c3-8f11-43ea-8c70-96f82fa4cda6,0,1,3,0
21,f5726084-fac8-4a36-b63a-88c184fa6b76,5,5,3,0
22,4fbddeb6-3675-4a9a-91c0-24a77fe7dabf,13,1,3,0
22,77f2b801-c6ac-4ae9-81c9-4d43fd679b7f,0,4,3,0
22,2302f02c-c357-4d8f-9300-7d044f16ae30,24,1,3,0
22,6fb7f9a5-0d81-4b4a-ab14-8d6072a85b95,13,5,3,0
22,8bbfa3c3-8f11-43ea-8c70-96f82fa4cda6,0,1,3,0
22,f5726084-fac8-4a36-b63a-88c184fa6b76,5,5,3,0
23,4fbddeb6-3675-4a9a-91c0-24a77fe7dabf,13,1,3,0
23,77f2b801-c6ac-4ae9-81c9-4d43fd679b7f,0,4,3,0
23,2302f02c-c357-4d8f-9300-7d044f16ae30,24,1,3,0
23,6fb7f9a5-0d81-4b4a-ab14-8d6072a85b95,13,5,3,0
23,8bbfa3c3-8f11-43ea-8c70-96f82fa4cda6,0,2,3,0
23,f5726084-fac8-4a36-b63a-88c184fa6b76,5,5,3,0
24,4fbddeb6-3675-4a9a-91c0-24a77fe7dabf,13,1,3,0
24,77f2b801-c6ac-4ae9-81c9-4d43fd679b7f,0,4,3,0
24,2302f02c-c357-4d8f-9300-7d044f16ae30,24,1,3,0
24,6fb7f9a5-0d81-4b4a-ab14-8d6072a85b95,13,4,3,0
24,8bbfa3c3-8f11-43ea-8c70-96f82fa4cda6,0,2,3,0
24,f5726084-fac8-4a36-b63a-88c184fa6b76,6,5,3,0
25,4fbddeb6-3675-4a9a-91c0-24a77fe7dabf,13,1,3,0
25,77f2b801-c6ac-4ae9-81c9-4d43fd679b7f,0,4,3,0
25,2302f02c-c357-4d8f-9300-7d044f16ae30,24,1,3,0
25,6fb7f9a5-0d81-4b4a-ab14-8d6072a85b95,13,4,3,0
25,8bbfa3c3-8f11-43ea-8c70-96f82fa4cda6,0,2,3,0
25,f5726084-fac8-4a36-b63a-88c184fa6b76,6,5,3,0
26,4fbddeb6-3675-4a9a-91c0-24a77fe7dabf,13,1,3,0
26,77f2b801-c6ac-4ae9-81c9-4d43fd679b7f,0,4,3,0
26,2302f02c-c357-4d8f-9300-7d044f16ae30,24,1,3,0
26,6fb7f9a5-0d81-4b4a-ab14-8d6072a85b95,13,4,3,0
26,8bbfa3c3-8f11-43ea-8c70-96f82fa4cda6,0,2,3,0
26,f5726084-fac8-4a36-b63a-88c184fa6b76,6,5,3,0
27,4fbddeb6-3675-4a9a-91c0-24a77fe7dabf,13,1,3,0
27,77f2b801-c6ac-4ae9-81c9-4d43fd679b7f,0,4,3,0
27,2302f02c-c357-4d8f-9300-7d044f16ae30,24,1,3,0
27,6fb7f9a5-0d81-4b4a-ab14-8d6072a85b95,13,4,3,0
27,8bbfa3c3-8f11-43ea-8c70-96f82fa4cda6,0,3,3,0
27,f5726084-fac8-4a36-b63a-88c184fa6b76,6,5,3,0
28,4fbddeb6-3675-4a9a-91c0-24a77fe7dabf,13,1,3,0
28,77f2b801-c6ac-4ae9-81c9-4d43fd679b7f,0,4,3,0
28,2302f02c-c357-4d8f-9300-7d044f16ae30,24,1,3,0
28,6fb7f9a5-0d81-4b4a-ab14-8d6072a85b95,13,4,3,0
28,8bbfa3c3-8f11-43ea-8c70-96f82fa4cda6,0,3,3,0
28,f5726084-fac8-4a36-b63a-88c184fa6b76,6,5,3,0
29,4fbddeb6-3675-4a9a-91c0-24a77fe7dabf,13,1,3,0
29,77f2b801-c6ac-4ae9-81c9-4d43fd679b7f,0,4,3,0
29,2302f02c-c357-4d8f-9300-7d044f16ae30,24,1,3,0
29,6fb7f9a5-0d81-4b4a-ab14-8d6072a85b95,13,3,3,0
29,8bbfa3c3-8f11-43ea-8c70-96f82fa4cda6,0,3,3,0
29,f5726084-fac8-4a36-b63a-88c184fa6b76,7,5,3,0
30,4fbddeb6-3675-4a9a-91c0-24a77fe7dabf,13,1,3,0
30,77f2b801-c6ac-4ae9-81c9-4d43fd679b7f,0,4,3,0
30,2302f02c-c357-4d8f-9300-7d044f16ae30,24,1,3,0
30,6fb7f9a5-0d81-4b4a-ab14-8d6072a85b95,13,3,3,0
30,8bbfa3c3-8f11-43ea-8c70-96f82fa4cda6,0,3,3,0
30,f5726084-fac8-4a36-b63a-88c184fa6b76,7,5,3,0
31,4fbddeb6-3675-4a9a-91c0-24a77fe7dabf,13,1,3,0
31,77f2b801-c6ac-4ae9-81c9-4d43fd679b7f,0,4,3,0
31,2302f02c-c357-4d8f-9300-7d044f16ae30,24,1,3,0
31,6fb7f9a5-0d81-4b4a-ab14-8d6072a85b95,13,3,3,0
31,8bbfa3c3-8f11-43ea-8c70-96f82fa4cda6,0,4,3,0
31,f5726084-fac8-4a36-b63a-88c184fa6b76,7,5,3,0
32,4fbddeb6-3675-4a9a-91c0-24a77fe7dabf,13,1,3,0
32,77f2b801-c6ac-4ae9-81c9-4d43fd679b7f,0,4,3,0
32,2302f02c-c357-4d8f-9300-7d044f16ae30,24,1,3,0
32,6fb7f9a5-0d81-4b4a-ab14-8d6072a85b95,13,3,3,0
32,8bbfa3c3-8f11-43ea-8c70-96f82fa4cda6,0,4,3,0
32,f5726084-fac8-4a36-b63a-88c184fa6b76,7,5,3,0
33,4fbddeb6-3675-4a9a-91c0-24a77fe7dabf,13,1,3,0
33,77f2b801-c6ac-4ae9-81c9-4d43fd679b7f,0,4,3,0
33,2302f02c-c357-4d8f-9300-7d044f16ae30,24,1,3,0
33,6fb7f9a5-0d81-4b4a-ab14-8d6072a85b95,13,3,3,0
33,8bbfa3c3-8f11-43ea-8c70-96f82fa4cda6,0,4,3,0
33,f5726084-fac8-4a36-b63a-88c184fa6b76,7,5,3,0
34,4fbddeb6-3675-4a9a-91c0-24a77fe7dabf,13,1,2,0
34,77f2b801-c6ac-4ae9-81c9-4d43fd679b7f,0,4,2,0
34,2302f02c-c357-4d8f-9300-7d044f16ae30,24,1,2,0
34,6fb7f9a5-0d81-4b4a-ab14-8d6072a85b95,13,2,2,0
34,8bbfa3c3-8f11-43ea-8c70-96f82fa4cda6,0,4,2,0
34,f5726084-fac8-4a36-b63a-88c184fa6b76,8,5,2,0
35,4fbddeb6-3675-4a9a-91c0-24a77fe7dabf,13,1,2,0
35,77f2b801-c6ac-4ae9-81c9-4d43fd679b7f,0,4,2,0
35,2302f02c-c357-4d8f-9300-7d044f16ae30,24,1,2,0
35,6fb7f9a5-0d81-4b4a-ab14-8d6072a85b95,13,2,2,0
35,8bbfa3c3-8f11-43ea-8c70-96f82fa4cda6,0,4,2,0
35,f5726084-fac8-4a36-b63a-88c184fa6b76,8,5,2,0
36,4fbddeb6-3675-4a9a-91c0-24a77fe7dabf,13,1,2,0
36,77f2b801-c6ac-4ae9-81c9-4d43fd679b7f,0,4,2,0
36,2302f02c-c357-4d8f-9300-7d044f16ae30,24,1,2,0
36,6fb7f9a5-0d81-4b4a-ab14-8d6072a85b95,13,2,2,0
36,8bbfa3c3-8f11-43ea-8c70-96f82fa4cda6,0,4,2,0
36,f5726084-fac8-4a36-b63a-88c184fa6b76,8,5,2,0
37,4fbddeb6-3675-4a9a-91c0-24a77fe7dabf,13,1,2,0
37,77f2b801-c6ac-4ae9-81c9-4d43fd679b7f,0,4,2,0
37,2302f02c-c357-4d8f-9300-7d044f16ae30,24,1,2,0
37,6fb7f9a5-0d81-4b4a-ab14-8d6072a85b95,13,2,2,0
37,8bbfa3c3-8f11-43ea-8c70-96f82fa4cda6,0,4,2,0
37,f5726084-fac8-4a36-b63a-88c184fa6b76,8,5,2,0
38,4fbddeb6-3675-4a9a-91c0-24a77fe7dabf,13,1,2,0
38,77f2b801-c6ac-4ae9-81c9-4d43fd679b7f,0,4,2,0
38,2302f02c-c357-4d8f-9300-7d044f16ae30,24,1,2,0
38,6fb7f9a5-0d81-4b4a-ab14-8d6072a85b95,13,2,2,0
38,8bbfa3c3-8f11-43ea-8c70-96f82fa4cda6,0,4,2,0
38,f5726084-fac8-4a36-b63a-88c184fa6b76,8,5,2,0
39,4fbddeb6-3675-4a9a-91c0-24a77fe7dabf,13,1,2,0
39,77f2b801-c6ac-4ae9-81c9-4d43fd679b7f,0,4,2,0
39,2302f02c-c357-4d8f-9300-7d044f16ae30,24,1,2,0
39,6fb7f9a5-0d81-4b4a-ab14-8d6072a85b95,13,2,2,0
39,8bbfa3c3-8f11-43ea-8c70-96f82fa4cda6,0,4,2,0
39,f5726084-fac8-4a36-b63a-88c184fa6b76,9,5,2,0
40,4fbddeb6-3675-4a9a-91c0-24a77fe7dabf,13,1,2,0
40,77f2b801-c6ac-4ae9-81c9-4d43fd679b7f,0,4,2,0
40,2302f02c-c357-4d8f-9300-7d044f16ae30,24,1,2,0
40,6fb7f9a5-0d81-4b4a-ab14-8d6072a85b95,13,2,2,0
40,8bbfa3c3-8f11-43ea-8c70-96f82fa4cda6,0,4,2,0
40,f5726084-fac8-4a36-b63a-88c184fa6b76,9,5,2,0
41,4fbddeb6-3675-4a9a-91c0-24a77fe7dabf,13,1,2,0
41,77f2b801-c6ac-4ae9-81c9-4d43fd679b7f,0,4,2,0
41,2302f02c-c357-4d8f-9300-7d044f16ae30,24,1,2,0
41,6fb7f9a5-0d81-4b4a-ab14-8d6072a85b95,13,2,2,0
41,8bbfa3c3-8f11-43ea-8c70-96f82fa4cda6,0,4,2,0
41,f5726084-fac8-4a36-b63a-88c184fa6b76,9,5,2,0
42,4fbddeb6-3675-4a9a-91c0-24a77fe7dabf,13,1,2,0
42,77f2b801-c6ac-4ae9-81c9-4d43fd679b7f,0,4,2,0
42,2302f02c-c357-4d8f-9300-7d044f16ae30,24,1,2,0
42,6fb7f9a5-0d81-4b4a-ab14-8d6072a85b95,13,2,2,0
42,8bbfa3c3-8f11-43ea-8c70-96f82fa4cda6,0,4,2,0
42,f5726084-fac8-4a36-b63a-88c184fa6b76,9,5,2,0
43,4fbddeb6-3675-4a9a-91c0-24a77fe7dabf,13,1,2,0
43,77f2b801-c6ac-4ae9-81c9-4d43fd679b7f,0,4,2,0
43,2302f02c-c357-4d8f-9300-7d044f16ae30,24,1,2,0
43,6fb7f9a5-0d81-4b4a-ab14-8d6072a85b95,13,2,2,0
43,8bbfa3c3-8f11-43ea-8c70-96f82fa4cda6,0,4,2,0
43,f5726084-fac8-4a36-b63a-88c184fa6b76,9,5,2,0
44,4fbddeb6-3675-4a9a-91c0-24a77fe7dabf,13,1,2,0
44,77f2b801-c6ac-4ae9-81c9-4d43fd679b7f,0,4,2,0
44,2302f02c-c357-4d8f-9300-7d044f16ae30,24,1,2,0
44,6fb7f9a5-0d81-4b4a-ab14-8d6072a85b95,13,2,2,0
44,8bbfa3c3-8f11-43ea-8c70-96f82fa4cda6,0,4,2,0
44,f5726084-fac8-4a36-b63a-88c184fa6b76,10,5,2,0
45,4fbddeb6-3675-4a9a-91c0-24a77fe7dabf,13,1,2,0
45,77f2b801-c6ac-4ae9-81c9-4d43fd679b7f,0,4,2,0
45,2302f02c-c357-4d8f-9300-7d044f16ae30,24,1,2,0
45,6fb7f9a5-0d81-4b4a-ab14-8d6072a85b95,13,2,2,0
45,8bbfa3c3-8f11-43ea-8c70-96f82fa4cda6,0,4,2,0
45,f5726084-fac8-4a36-b63a-88c184fa6b76,10,5,2,0
46,4fbddeb6-3675-4a9a-91c0-24a77fe7dabf,13,1,2,0
46,77f2b801-c6ac-4ae9-81c9-4d43fd679b7f,0,4,2,0
46,2302f02c-c357-4d8f-9300-7d044f16ae30,24,1,2,0
46,6fb7f9a5-0d81-4b4a-ab14-8d6072a85b95,13,2,2,0
46,8bbfa3c3-8f11-43ea-8c70-96f82fa4cda6,0,4,2,0
46,f5726084-fac8-4a36-b63a-88c184fa6b76,10,5,2,0
47,4fbddeb6-3675-4a9a-91c0-24a77fe7dabf,13,1,2,0
47,77f2b801-c6ac-4ae9-81c9-4d43fd679b7f,0,4,2,0
47,2302f02c-c357-4d8f-9300-7d044f16ae30,24,1,2,0
47,6fb7f9a5-0d81-4b4a-ab14-8d6072a85b95,13,2,2,0
47,8bbfa3c3-8f11-43ea-8c70-96f82fa4cda6,0,4,2,0
47,f5726084-fac8-4a36-b63a-88c184fa6b76,10,5,2,0
48,4fbddeb6-3675-4a9a-91c0-24a77fe7dabf,13,1,2,0
48,77f2b801-c6ac-4ae9-81c9-4d43fd679b7f,0,4,2,0
48,2302f02c-c357-4d8f-9300-7d044f16ae30,24,1,2,0
48,6fb7f9a5-0d81-4b4a-ab14-8d6072a85b95,13,2,2,0
48,8bbfa3c3-8f11-43ea-8c70-96f82fa4cda6,0,4,2,0
48,f5726084-fac8-4a36-b63a-88c184fa6b76,10,5,2,0
49,4fbddeb6-3675-4a9a-91c0-24a77fe7dabf,13,1,1,0
49,77f2b801-c6ac-4ae9-81c9-4d43fd679b7f,0,4,1,0
49,2302f02c-c357-4d8f-9300-7d044f16ae30,24,1,1,0
49,6fb7f9a5-0d81-4b4a-ab14-8d6072a85b95,13,2,1,0
49,8bbfa3c3-8f11-43ea-8c70-96f82fa4cda6,0,4,1,0
49,f5726084-fac8-4a36-b63a-88c184fa6b76,11,5,1,0
50,4fbddeb6-3675-4a9a-91c0-24a77fe7dabf,13,1,1,0
50,77f2b801-c6ac-4ae9-81c9-4d43fd679b7f,0,4,1,0
50,2302f02c-c357-4d8f-9300-7d044f16ae30,24,1,1,0
50,6fb7f9a5-0d81-4b4a-ab14-8d6072a85b95,13,2,1,0
50,8bbfa3c3-8f11-43ea-8c70-96f82fa4cda6,0,4,1,0
50,f5726084-fac8-4a36-b63a-88c184fa6b76,11,5,1,0
51,4fbddeb6-3675-4a9a-91c0-24a77fe7dabf,13,1,1,0
51,77f2b801-c6ac-4ae9-81c9-4d43fd679b7f,0,4,1,0
51,2302f02c-c357-4d8f-9300-7d044f16ae30,24,1,1,0
51,6fb7f9a5-0d81-4b4a-ab14-8d6072a85b95,13,2,1,0
51,8bbfa3c3-8f11-43ea-8c70-96f82fa4cda6,0,4,1,0
51,f5726084-fac8-4a36-b63a-88c184fa6b76,11,5,1,0
52,4fbddeb6-3675-4a9a-91c0-24a77fe7dabf,13,1,1,0
52,77f2b801-c6ac-4ae9-81c9-4d43fd679b7f,0,4,1,0
52,2302f02c-c357-4d8f-9300-7d044f16ae30,24,1,1,0
52,6fb7f9a5-0d81-4b4a-ab14-8d6072a85b95,13,2,1,0
52,8bbfa3c3-8f11-43ea-8c70-96f82fa4cda6,0,4,1,0
52,f5726084-fac8-4a36-b63a-88c184fa6b76,11,5,1,0
53,4fbddeb6-3675-4a9a-91c0-24a77fe7dabf,13,1,1,0
53,77f2b801-c6ac-4ae9-81c9-4d43fd679b7f,0,4,1,0
53,2302f02c-c357-4d8f-9300-7d044f16ae30,24,1,1,0
53,6fb7f9a5-0d81-4b4a-ab14-8d6072a85b95,13,2,1,0
53,8bbfa3c3-8f11-43ea-8c70-96f82fa4cda6,0,4,1,0
53,f5726084-fac8-4a36-b63a-88c184fa6b76,11,5,1,0
54,4fbddeb6-3675-4a9a-91c0-24a77fe7dabf,13,1,1,0
54,77f2b801-c6ac-4ae9-81c9-4d43fd679b7f,0,4,1,0
54,2302f02c-c357-4d8f-9300-7d044f16ae30,24,1,1,0
54,6fb7f9a5-0d81-4b4a-ab14-8d6072a85b95,13,2,1,0
54,8bbfa3c3-8f11-43ea-8c70-96f82fa4cda6,0,4,1,0
54,f5726084-fac8-4a36-b63a-88c184fa6b76,11,5,1,0
55,4fbddeb6-3675-4a9a-91c0-24a77fe7dabf,13,1,1,0
55,77f2b801-c6ac-4ae9-81c9-4d43fd679b7f,0,4,1,0
55,2302f02c-c357-4d8f-9300-7d044f16ae30,24,1,1,0
55,6fb7f9a5-0d81-4b4a-ab14-8d6072a85b95,13,2,1,0
55,8bbfa3c3-8f11-43ea-8c70-96f82fa4cda6,0,4,1,0
55,f5726084-fac8-4a36-b63a-88c184fa6b76,11,5,1,0
56,4fbddeb6-3675-4a9a-91c0-24a77fe7dabf,13,1,1,0
56,77f2b801-c6ac-4ae9-81c9-4d43fd679b7f,0,4,1,0
56,2302f02c-c357-4d8f-9300-7d044f16ae30,24,1,1,0
56,6fb7f9a5-0d81-4b4a-ab14-8d6072a85b95,13,2,1,0
56,8bbfa3c3-8f11-43ea-8c70-96f82fa4cda6,0,4,1,0
56,f5726084-fac8-4a36-b63a-88c184fa6b76,11,5,1,0
57,4fbddeb6-3675-4a9a-91c0-24a77fe7dabf,13,1,1,0
57,77f2b801-c6ac-4ae9-81c9-4d43fd679b7f,0,4,1,0
57,2302f02c-c357-4d8f-9300-7d044f16ae30,24,1,1,0
57,6fb7f9a5-0d81-4b4a-ab14-8d6072a85b95,13,2,1,0
57,8bbfa3c3-8f11-43ea-8c70-96f82fa4cda6,0,4,1,0
57,f5726084-fac8-4a36-b63a-88c184fa6b76,11,5,1,0
58,4fbddeb6-3675-4a9a-91c0-24a77fe7dabf,13,1,1,0
58,77f2b801-c6ac-4ae9-81c9-4d43fd679b7f,0,4,1,0
58,2302f02c-c357-4d8f-9300-7d044f16ae30,24,1,1,0
58,6fb7f9a5-0d81-4b4a-ab14-8d6072a85b95,13,2,1,0
58,8bbfa3c3-8f11-43ea-8c70-96f82fa4cda6,0,4,1,0
58,f5726084-fac8-4a36-b63a-88c184fa6b76,11,5,1,0
59,4fbddeb6-3675-4a9a-91c0-24a77fe7dabf,13,1,1,0
59,77f2b801-c6ac-4ae9-81c9-4d43fd679b7f,0,4,1,0
59,2302f02c-c357-4d8f-9300-7d044f16ae30,24,1,1,0
59,6fb7f9a5-0d81-4b4a-ab14-8d6072a85b95,13,2,1,0
59,8bbfa3c3-8f11-43ea-8c70-96f82fa4cda6,0,4,1,0
59,f5726084-fac8-4a36-b63a-88c184fa6b76,11,5,1,0
60,4fbddeb6-3675-4a9a-91c0-24a77fe7dabf,13,1,1,0
60,77f2b801-c6ac-4ae9-81c9-4d43fd679b7f,0,4,1,0
60,2302f02c-c357-4d8f-9300-7d044f16ae30,24,1,1,0
60,6fb7f9a5-0d81-4b4a-ab14-8d6072a85b95,13,2,1,0
60,8bbfa3c3-8f11-43ea-8c70-96f82fa4cda6,0,4,1,0
60,f5726084-fac8-4a36-b63a-88c184fa6b76,11,5,1,0
61,4fbddeb6-3675-4a9a-91c0-24a77fe7dabf,13,1,1,0
61,77f2b801-c6ac-4ae9-81c9-4d43fd679b7f,0,4,1,0
61,2302f02c-c357-4d8f-9300-7d044f16ae30,24,1,1,0
61,6fb7f9a5-0d81-4b4a-ab14-8d6072a85b95,13,2,1,0
61,8bbfa3c3-8f11-43ea-8c70-96f82fa4cda6,0,4,1,0
61,f5726084-fac8-4a36-b63a-88c184fa6b76,11,5,1,0
62,4fbddeb6-3675-4a9a-91c0-24a77fe7dabf,13,1,1,0
62,77f2b801-c6ac-4ae9-81c9-4d43fd679b7f,0,4,1,0
62,2302f02c-c357-4d8f-9300-7d044f16ae30,24,1,1,0
62,6fb7f9a5-0d81-4b4a-ab14-8d6072a85b95,13,2,1,0
62,8bbfa3c3-8f11-43ea-8c70-96f82fa4cda6,0,4,1,0
62,f5726084-fac8-4a36-b63a-88c184fa6b76,11,5,1,0
63,4fbddeb6-3675-4a9a-91c0-24a77fe7dabf,13,1,1,0
63,77f2b801-c6ac-4ae9-81c9-4d43fd679b7f,0,4,1,0
63,2302f02c-c357-4d8f-9300-7d044f16ae30,24,1,1,0
63,6fb7f9a5-0d81-4b4a-ab14-8d6072a85b95,13,2,1,0
63,8bbfa3c3-8f11-43ea-8c70-96f82fa4cda6,0,4,1,0
63,f5726084-fac8-4a36-b63a-88c184fa6b76,11,5,1,0
64,4fbddeb6-3675-4a9a-91c0-24a77fe7dabf,13,1,1,0
64,77f2b801-c6ac-4ae9-81c9-4d43fd679b7f,0,4,1,0
64,2302f02c-c357-4d8f-9300-7d044f16ae30,24,1,1,0
64,6fb7f9a5-0d81-4b4a-ab14-8d6072a85b95,13,2,1,0
64,8bbfa3c3-8f11-43ea-8c70-96f82fa4cda6,0,4,1,0
64,f5726084-fac8-4a36-b63a-88c184fa6b76,11,5,1,0
65,4fbddeb6-3675-4a9a-91c0-24a77fe7dabf,13,1,1,0
65,77f2b801-c6ac-4ae9-81c9-4d43fd679b7f,0,4,1,0
65,2302f02c-c357-4d8f-9300-7d044f16ae30,24,1,1,0
65,6fb7f9a5-0d81-4b4a-ab14-8d6072a85b95,13,2,1,0
65,8bbfa3c3-8f11-43ea-8c70-96f82fa4cda6,0,4,1,0
65,f5726084-fac8-4a36-b63a-88c184fa6b76,11,5,1,0
66,4fbddeb6-3675-4a9a-91c0-24a77fe7dabf,13,1,1,0
66,77f2b801-c6ac-4ae9-81c9-4d43fd679b7f,0,4,1,0
66,2302f02c-c357-4d8f-9300-7d044f16ae30,24,1,1,0
66,6fb7f9a5-0d81-4b4a-ab14-8d6072a85b95,13,2,1,0
66,8bbfa3c3-8f11-43ea-8c70-96f82fa4cda6,0,4,1,0
66,f5726084-fac8-4a36-b63a-88c184fa6b76,11,5,1,0
67,4fbddeb6-3675-4a9a-91c0-24a77fe7dabf,13,1,1,0
67,77f2b801-c6ac-4ae9-81c9-4d43fd679b7f,0,4,1,0
67,2302f02c-c357-4d8f-9300-7d044f16ae30,24,1,1,0
67,6fb7f9a5-0d81-4b4a-ab14-8d6072a85b95,13,2,1,0
67,8bbfa3c3-8f11-43ea-8c70-96f82fa4cda6,0,4,1,0
67,f5726084-fac8-4a36-b63a-88c184fa6b76,11,5,1,0
68,4fbddeb6-3675-4a9a-91c0-24a77fe7dabf,13,1,1,0
68,77f2b801-c6ac-4ae9-81c9-4d43fd679b7f,0,4,1,0
68,2302f02c-c357-4d8f-9300-7d044f16ae30,24,1,1,0
68,6fb7f9a5-0d81-4b4a-ab14-8d6072a85b95,13,2,1,0
68,8bbfa3c3-8f11-43ea-8c70-96f82fa4cda6,0,4,1,0
68,f5726084-fac8-4a36-b63a-88c184fa6b76,11,5,1,0
69,4fbddeb6-3675-4a9a-91c0-24a77fe7dabf,13,1,1,0
69,77f2b801-c6ac-4ae9-81c9-4d43fd679b7f,0,4,1,0
69,2302f02c-c357-4d8f-9300-7d044f16ae30,24,1,1,0
69,6fb7f9a5-0d81-4b4a-ab14-8d6072a85b95,13,2,1,0
69,8bbfa3c3-8f11-43ea-8c70-96f82fa4cda6,0,4,1,0
69,f5726084-fac8-4a36-b63a-88c184fa6b76,11,5,1,0
70,4fbddeb6-3675-4a9a-91c0-24a77fe7dabf,13,1,1,0
70,77f2b801-c6ac-4ae9-81c9-4d43fd679b7f,0,4,1,0
70,2302f02c-c357-4d8f-9300-7d044f16ae30,24,1,1,0
70,6fb7f9a5-0d81-4b4a-ab14-8d6072a85b95,13,2,1,0
70,8bbfa3c3-8f11-43ea-8c70-96f82fa4cda6,0,4,1,0
70,f5726084-fac8-4a36-b63a-88c184fa6b76,11,5,1,0
71,4fbddeb6-3675-4a9a-91c0-24a77fe7dabf,13,1,1,0
71,77f2b801-c6ac-4ae9-81c9-4d43fd679b7f,0,4,1,0
71,2302f02c-c357-4d8f-9300-7d044f16ae30,24,1,1,0
71,6fb7f9a5-0d81-4b4a-ab14-8d6072a85b95,13,2,1,0
71,8bbfa3c3-8f11-43ea-8c70-96f82fa4cda6,0,4,1,0
71,f5726084-fac8-4a36-b63a-88c184fa6b76,11,5,1,0
72,4fbddeb6-3675-4a9a-91c0-24a77fe7dabf,13,1,1,0
72,77f2b801-c6ac-4ae9-81c9-4d43fd679b7f,0,4,1,0
72,2302f02c-c357-4d8f-9300-7d044f16ae30,24,1,1,0
72,6fb7f9a5-0d81-4b4a-ab14-8d6072a85b95,13,2,1,0
72,8bbfa3c3-8f11-43ea-8c70-96f82fa4cda6,0,4,1,0
72,f5726084-fac8-4a36-b63a-88c184fa6b76,11,5,1,0
73,4fbddeb6-3675-4a9a-91c0-24a77fe7dabf,13,1,1,0
73,77f2b801-c6ac-4ae9-81c9-4d43fd679b7f,0,4,1,0
73,2302f02c-c357-4d8f-9300-7d044f16ae30,24,1,1,0
73,6fb7f9a5-0d81-4b4a-ab14-8d6072a85b95,13,2,1,0
73,8bbfa3c3-8f11-43ea-8c70-96f82fa4cda6,0,4,1,0
73,f5726084-fac8-4a36-b63a-88c184fa6b76,11,5,1,0
74,4fbddeb6-3675-4a9a-91c0-24a77fe7dabf,13,1,1,0
74,77f2b801-c6ac-4ae9-81c9-4d43fd679b7f,0,4,1,0
74,2302f02c-c357-4d8f-9300-7d044f16ae30,24,1,1,0
74,6fb7f9a5-0d81-4b4a-ab14-8d6072a85b95,13,2,1,0
74,8bbfa3c3-8f11-43ea-8c70-96f82fa4cda6,0,4,1,0
74,f5726084-fac8-4a36-b63a-88c184fa6b76,11,5,1,0
75,4fbddeb6-3675-4a9a-91c0-24a77fe7dabf,13,1,1,0
75,77f2b801-c6ac-4ae9-81c9-4d43fd679b7f,0,4,1,0
75,2302f02c-c357-4d8f-9300-7d044f16ae30,24,1,1,0
75,6fb7f9a5-0d81-4b4a-ab14-8d6072a85b95,13,2,1,0
75,8bbfa3c3-8f11-43ea-8c70-96f82fa4cda6,0,4,1,0
75,f5726084-fac8-4a36-b63a-88c184fa6b76,11,5,1,0
76,4fbddeb6-3675-4a9a-91c0-24a77fe7dabf,13,1,1,0
76,77f2b801-c6ac-4ae9-81c9-4d43fd679b7f,0,4,1,0
76,2302f02c-c357-4d8f-9300-7d044f16ae30,24,1,1,0
76,6fb7f9a5-0d81-4b4a-ab14-8d6072a85b95,13,2,1,0
76,8bbfa3c3-8f11-43ea-8c70-96f82fa4cda6,0,4,1,0
76,f5726084-fac8-4a36-b63a-88c184fa6b76,11,5,1,0
77,4fbddeb6-3675-4a9a-91c0-24a77fe7dabf,13,1,1,0
77,77f2b801-c6ac-4ae9-81c9-4d43fd679b7f,0,4,1,0
77,2302f02c-c357-4d8f-9300-7d044f16ae30,24,1,1,0
77,6fb7f9a5-0d81-4b4a-ab14-8d6072a85b95,13,2,1,0
77,8bbfa3c3-8f11-43ea-8c70-96f82fa4cda6,0,4,1,0
77,f5726084-fac8-4a36-b63a-88c184fa6b76,11,5,1,0
78,4fbddeb6-3675-4a9a-91c0-24a77fe7dabf,13,1,1,0
78,77f2b801-c6ac-4ae9-81c9-4d43fd679b7f,0,4,1,0
78,2302f02c-c357-4d8f-9300-7d044f16ae30,24,1,1,0
78,6fb7f9a5-0d81-4b4a-ab14-8d6072a85b95,13,2,1,0
78,8bbfa3c3-8f11-43ea-8c70-96f82fa4cda6,0,4,1,0
78,f5726084-fac8-4a36-b63a-88c184fa6b76,11,5,1,0
79,4fbddeb6-3675-4a9a-91c0-24a77fe7dabf,13,1,1,0
79,77f2b801-c6ac-4ae9-81c9-4d43fd679b7f,0,4,1,0
79,2302f02c-c357-4d8f-9300-7d044f16ae30,24,1,1,0
79,6fb7f9a5-0d81-4b4a-ab14-8d6072a85b95,13,2,1,0
79,8bbfa3c3-8f11-43ea-8c70-96f82fa4cda6,0,4,1,0
79,f5726084-fac8-4a36-b63a-88c184fa6b76,11,5,1,0
80,4fbddeb6-3675-4a9a-91c0-24a77fe7dabf,13,1,1,0
80,77f2b801-c6ac-4ae9-81c9-4d43fd679b7f,0,4,1,0
80,2302f02c-c357-4d8f-9300-7d044f16ae30,24,1,1,0
80,6fb7f9a5-0d81-4b4a-ab14-8d6072a85b95,13,2,1,0
80,8bbfa3c3-8f11-43ea-8c70-96f82fa4cda6,0,4,1,0
80,f5726084-fac8-4a36-b63a-88c184fa6b76,11,5,1,0
81,4fbddeb6-3675-4a9a-91c0-24a77fe7dabf,13,1,1,0
81,77f2b801-c6ac-4ae9-81c9-4d43fd679b7f,0,4,1,0
81,2302f02c-c357-4d8f-9300-7d044f16ae30,24,1,1,0
81,6fb7f9a5-0d81-4b4a-ab14-8d6072a85b95,13,2,1,0
81,8bbfa3c3-8f11-43ea-8c70-96f82fa4cda6,0,4,1,0
81,f5726084-fac8-4a36-b63a-88c184fa6b76,11,5,1,0
82,4fbddeb6-3675-4a9a-91c0-24a77fe7dabf,13,1,1,0
82,77f2b801-c6ac-4ae9-81c9-4d43fd679b7f,0,4,1,0
82,2302f02c-c357-4d8f-9300-7d044f16ae30,24,1,1,0
82,6fb7f9a5-0d81-4b4a-ab14-8d6072a85b95,13,2,1,0
82,8bbfa3c3-8f11-43ea-8c70-96f82fa4cda6,0,4,1,0
82,f5726084-fac8-4a36-b63a-88c184fa6b76,11,5,1,0
83,4fbddeb6-3675-4a9a-91c0-24a77fe7dabf,13,1,1,0
83,77f2b801-c6ac-4ae9-81c9-4d43fd679b7f,0,4,1,0
83,2302f02c-c357-4d8f-9300-7d044f16ae30,24,1,1,0
83,6fb7f9a5-0d81-4b4a-ab14-8d6072a85b95,13,2,1,0
83,8bbfa3c3-8f11-43ea-8c70-96f82fa4cda6,0,4,1,0
83,f5726084-fac8-4a36-b63a-88c184fa6b76,11,5,1,0
84,4fbddeb6-3675-4a9a-91c0-24a77fe7dabf,13,1,1,0
84,77f2b801-c6ac-4ae9-81c9-4d43fd679b7f,0,4,1,0
84,2302f02c-c357-4d8f-9300-7d044f16ae30,24,1,1,0
84,6fb7f9a5-0d81-4b4a-ab14-8d6072a85b95,13,2,1,0
84,8bbfa3c3-8f11-43ea-8c70-96f82fa4cda6,0,4,1,0
84,f5726084-fac8-4a36-b63a-88c184fa6b76,11,5,1,0
85,4fbddeb6-3675-4a9a-91c0-24a77fe7dabf,13,1,1,0
85,77f2b801-c6ac-4ae9-81c9-4d43fd679b7f,0,4,1,0
85,2302f02c-c357-4d8f-9300-7d044f16ae30,24,1,1,0
85,6fb7f9a5-0d81-4b4a-ab14-8d6072a85b95,13,2,1,0
85,8bbfa3c3-8f11-43ea-8c70-96f82fa4cda6,0,4,1,0
85,f5726084-fac8-4a36-b63a-88c184fa6b76,11,5,1,0
86,4fbddeb6-3675-4a9a-91c0-24a77fe7dabf,13,1,1,0
86,77f2b801-c6ac-4ae9-81c9-4d43fd679b7f,0,4,1,0
86,2302f02c-c357-4d8f-9300-7d044f16ae30,24,1,1,0
86,6fb7f9a5-0d81-4b4a-ab14-8d6072a85b95,13,2,1,0
86,8bbfa3c3-8f11-43ea-8c70-96f82fa4cda6,0,4,1,0
86,f5726084-fac8-4a36-b63a-88c184fa6b76,11,5,1,0
87,4fbddeb6-3675-4a9a-91c0-24a77fe7dabf,13,1,1,0
87,77f2b801-c6ac-4ae9-81c9-4d43fd679b7f,0,4,1,0
87,2302f02c-c357-4d8f-9300-7d044f16ae30,24,1,1,0
87,6fb7f9a5-0d81-4b4a-ab14-8d6072a85b95,13,2,1,0
87,8bbfa3c3-8f11-43ea-8c70-96f82fa4cda6,0,4,1,0
87,f5726084-fac8-4a36-b63a-88c184fa6b76,11,5,1,0
88,4fbddeb6-3675-4a9a-91c0-24a77fe7dabf,13,1,1,0
88,77f2b801-c6ac-4ae9-81c9-4d43fd679b7f,0,4,1,0
88,2302f02c-c357-4d8f-9300-7d044f16ae30,24,1,1,0
88,6fb7f9a5-0d81-4b4a-ab14-8d6072a85b95,13,2,1,0
88,8bbfa3c3-8f11-43ea-8c70-96f82fa4cda6,0,4,1,0
88,f5726084-fac8-4a36-b63a-88c184fa6b76,11,5,1,0
89,4fbddeb6-3675-4a9a-91c0-24a77fe7dabf,13,1,1,0
89,77f2b801-c6ac-4ae9-81c9-4d43fd679b7f,0,4,1,0
89,2302f02c-c357-4d8f-9300-7d044f16ae30,24,1,1,0
89,6fb7f9a5-0d81-4b4a-ab14-8d6072a85b95,13,2,1,0
89,8bbfa3c3-8f11-43ea-8c70-96f82fa4cda6,0,4,1,0
89,f5726084-fac8-4a36-b63a-88c184fa6b76,11,5,1,0
90,4fbddeb6-3675-4a9a-91c0-24a77fe7dabf,13,1,1,0
90,77f2b801-c6ac-4ae9-81c9-4d43fd679b7f,0,4,1,0
90,2302f02c-c357-4d8f-9300-7d044f16ae30,24,1,1,0
90,6fb7f9a5-0d81-4b4a-ab14-8d6072a85b95,13,2,1,0
90,8bbfa3c3-8f11-43ea-8c70-96f82fa4cda6,0,4,1,0
90,f5726084-fac8-4a36-b63a-88c184fa6b76,11,5,1,0
91,4fbddeb6-3675-4a9a-91c0-24a77fe7dabf,13,1,1,0
91,77f2b801-c6ac-4ae9-81c9-4d43fd679b7f,0,4,1,0
91,2302f02c-c357-4d8f-9300-7d044f16ae30,24,1,1,0
91,6fb7f9a5-0d81-4b4a-ab14-8d6072a85b95,13,2,1,0
91,8bbfa3c3-8f11-43ea-8c70-96f82fa4cda6,0,4,1,0
91,f5726084-fac8-4a36-b63a-88c184fa6b76,11,5,1,0
92,4fbddeb6-3675-4a9a-91c0-24a77fe7dabf,13,1,1,0
92,77f2b801-c6ac-4ae9-81c9-4d43fd679b7f,0,4,1,0
92,2302f02c-c357-4d8f-9300-7d044f16ae30,24,1,1,0
92,6fb7f9a5-0d81-4b4a-ab14-8d6072a85b95,13,2,1,0
92,8bbfa3c3-8f11-43ea-8c70-96f82fa4cda6,0,4,1,0
92,f5726084-fac8-4a36-b63a-88c184fa6b76,11,5,1,0
93,4fbddeb6-3675-4a9a-91c0-24a77fe7dabf,13,1,1,0
93,77f2b801-c6ac-4ae9-81c9-4d43fd679b7f,0,4,1,0
93,2302f02c-c357-4d8f-9300-7d044f16ae30,24,1,1,0
93,6fb7f9a5-0d81-4b4a-ab14-8d6072a85b95,13,2,1,0
93,8bbfa3c3-8f11-43ea-8c70-96f82fa4cda6,0,4,1,0
93,f5726084-fac8-4a36-b63a-88c184fa6b76,11,5,1,0
94,4fbddeb6-3675-4a9a-91c0-24a77fe7dabf,13,1,1,0
94,77f2b801-c6ac-4ae9-81c9-4d43fd679b7f,0,4,1,0
94,2302f02c-c357-4d8f-9300-7d044f16ae30,24,1,1,0
94,6fb7f9a5-0d81-4b4a-ab14-8d6072a85b95,13,2,1,0
94,8bbfa3c3-8f11-43ea-8c70-96f82fa4cda6,0,4,1,0
94,f5726084-fac8-4a36-b63a-88c184fa6b76,11,5,1,0
95,4fbddeb6-3675-4a9a-91c0-24a77fe7dabf,13,1,1,0
95,77f2b801-c6ac-4ae9-81c9-4d43fd679b7f,0,4,1,0
95,2302f02c-c357-4d8f-9300-7d044f16ae30,24,1,1,0
95,6fb7f9a5-0d81-4b4a-ab14-8d6072a85b95,13,2,1,0
95,8bbfa3c3-8f11-43ea-8c70-96f82fa4cda6,0,4,1,0
95,f5726084-fac8-4a36-b63a-88c184fa6b76,11,5,1,0
96,4fbddeb6-3675-4a9a-91c0-24a77fe7dabf,13,1,1,0
96,77f2b801-c6ac-4ae9-81c9-4d43fd679b7f,0,4,1,0
96,2302f02c-c357-4d8f-9300-7d044f16ae30,24,1,1,0
96,6fb7f9a5-0d81-4b4a-ab14-8d6072a85b95,13,2,1,0
96,8bbfa3c3-8f11-43ea-8c70-96f82fa4cda6,0,4,1,0
96,f5726084-fac8-4a36-b63a-88c184fa6b76,11,5,1,0
97,4fbddeb6-3675-4a9a-91c0-24a77fe7dabf,13,1,1,0
97,77f2b801-c6ac-4ae9-81c9-4d43fd679b7f,0,4,1,0
97,2302f02c-c357-4d8f-9300-7d044f16ae30,24,1,1,0
97,6fb7f9a5-0d81-4b4a-ab14-8d6072a85b95,13,2,1,0
97,8bbfa3c3-8f11-43ea-8c70-96f82fa4cda6,0,4,1,0
97,f5726084-fac8-4a36-b63a-88c184fa6b76,11,5,1,0
98,4fbddeb6-3675-4a9a-91c0-24a77fe7dabf,13,1,1,0
98,77f2b801-c6ac-4ae9-81c9-4d43fd679b7f,0,4,1,0
98,2302f02c-c357-4d8f-9300-7d044f16ae30,24,1,1,0
98,6fb7f9a5-0d81-4b4a-ab14-8d6072a85b95,13,2,1,0
98,8bbfa3c3-8f11-43ea-8c70-96f82fa4cda6,0,4,1,0
98,f5726084-fac8-4a36-b63a-88c184fa6b76,11,5,1,0
99,4fbddeb6-3675-4a9a-91c0-24a77fe7dabf,13,1,1,0
99,77f2b801-c6ac-4ae9-81c9-4d43fd679b7f,0,4,1,0
99,2302f02c-c357-4d8f-9300-7d044f16ae30,24,1,1,0
99,6fb7f9a5-0d81-4b4a-ab14-8d6072a85b95,13,2,1,0
99,8bbfa3c3-8f11-43ea-8c70-96f82fa4cda6,0,4,1,0
99,f5726084-fac8-4a36-b63a-88c184fa6b76,11,5,1,0
100,4fbddeb6-3675-4a9a-91c0-24a77fe7dabf,13,1,1,0
100,77f2b801-c6ac-4ae9-81c9-4d43fd679b7f,0,4,1,0
100,2302f02c-c357-4d8f-9300-7d044f16ae30,24,1,1,0
100,6fb7f9a5-0d81-4b4a-ab14-8d6072a85b95,13,2,1,0
100,8bbfa3c3-8f11-43ea-8c70-96f82fa4cda6,0,4,1,0
100,f5726084-fac8-4a36-b63a-88c184fa6b76,11,5,1,0
101,4fbddeb6-3675-4a9a-91c0-24a77fe7dabf,13,1,1,0
101,77f2b801-c6ac-4ae9-81c9-4d43fd679b7f,0,4,1,0
101,2302f02c-c357-4d8f-9300-7d044f16ae30,24,1,1,0
101,6fb7f9a5-0d81-4b4a-ab14-8d6072a85b95,13,2,1,0
101,8bbfa3c3-8f11-43ea-8c70-96f82fa4cda6,0,4,1,0
101,f5726084-fac8-4a36-b63a-88c184fa6b76,11,5,1,0
102,4fbddeb6-3675-4a9a-91c0-24a77fe7dabf,13,1,1,0
102,77f2b801-c6ac-4ae9-81c9-4d43fd679b7f,0,4,1,0
102,2302f02c-c357-4d8f-9300-7d044f16ae30,24,1,1,0
102,6fb7f9a5-0d81-4b4a-ab14-8d6072a85b95,13,2,1,0
102,8bbfa3c3-8f11-43ea-8c70-96f82fa4cda6,0,4,1,0
102,f5726084-fac8-4a36-b63a-88c184fa6b76,11,5,1,0
103,4fbddeb6-3675-4a9a-91c0-24a77fe7dabf,13,1,1,0
103,77f2b801-c6ac-4ae9-81c9-4d43fd679b7f,0,4,1,0
103,2302f02c-c357-4d8f-9300-7d044f16ae30,24,1,1,0
103,6fb7f9a5-0d81-4b4a-ab14-8d6072a85b95,13,2,1,0
103,8bbfa3c3-8f11-43ea-8c70-96f82fa4cda6,0,4,1,0
103,f5726084-fac8-4a36-b63a-88c184fa6b76,11,5,1,0
104,4fbddeb6-3675-4a9a-91c0-24a77fe7dabf,13,1,1,0
104,77f2b801-c6ac-4ae9-81c9-4d43fd679b7f,0,4,1,0
104,2302f02c-c357-4d8f-9300-7d044f16ae30,24,1,1,0
104,6fb7f9a5-0d81-4b4a-ab14-8d6072a85b95,13,2,1,0
104,8bbfa3c3-8f11-43ea-8c70-96f82fa4cda6,0,4,1,0
104,f5726084-fac8-4a36-b63a-88c184fa6b76,11,5,1,0
105,4fbddeb6-3675-4a9a-91c0-24a77fe7dabf,13,1,1,0
105,77f2b801-c6ac-4ae9-81c9-4d43fd679b7f,0,4,1,0
105,2302f02c-c357-4d8f-9300-7d044f16ae30,24,1,1,0
105,6fb7f9a5-0d81-4b4a-ab14-8d6072a85b95,13,2,1,0
105,8bbfa3c3-8f11-43ea-8c70-96f82fa4cda6,0,4,1,0
105,f5726084-fac8-4a36-b63a-88c184fa6b76,11,5,1,0
106,4fbddeb6-3675-4a9a-91c0-24a77fe7dabf,13,1,1,0
106,77f2b801-c6ac-4ae9-81c9-4d43fd679b7f,0,4,1,0
106,2302f02c-c357-4d8f-9300-7d044f16ae30,24,1,1,0
106,6fb7f9a5-0d81-4b4a-ab14-8d6072a85b95,13,2,1,0
106,8bbfa3c3-8f11-43ea-8c70-96f82fa4cda6,0,4,1,0
106,f5726084-fac8-4a36-b63a-88c184fa6b76,11,5,1,0
107,4fbddeb6-3675-4a9a-91c0-24a77fe7dabf,13,1,1,0
107,77f2b801-c6ac-4ae9-81c9-4d43fd679b7f,0,4,1,0
107,2302f02c-c357-4d8f-9300-7d044f16ae30,24,1,1,0
107,6fb7f9a5-0d81-4b4a-ab14-8d6072a85b95,13,2,1,0
107,8bbfa3c3-8f11-43ea-8c70-96f82fa4cda6,0,4,1,0
107,f5726084-fac8-4a36-b63a-88c184fa6b76,11,5,1,0
108,4fbddeb6-3675-4a9a-91c0-24a77fe7dabf,13,1,1,0
108,77f2b801-c6ac-4ae9-81c9-4d43fd679b7f,0,4,1,0
108,2302f02c-c357-4d8f-9300-7d044f16ae30,24,1,1,0
108,6fb7f9a5-0d81-4b4a-ab14-8d6072a85b95,13,2,1,0
108,8bbfa3c3-8f11-43ea-8c70-96f82fa4cda6,0,4,1,0
108,f5726084-fac8-4a36-b63a-88c184fa6b76,11,5,1,0
109,4fbddeb6-3675-4a9a-91c0-24a77fe7dabf,13,1,1,0
109,77f2b801-c6ac-4ae9-81c9-4d43fd679b7f,0,4,1,0
109,2302f02c-c357-4d8f-9300-7d044f16ae30,24,1,1,0
109,6fb7f9a5-0d81-4b4a-ab14-8d6072a85b95,13,2,1,0
109,8bbfa3c3-8f11-43ea-8c70-96f82fa4cda6,0,4,1,0
109,f5726084-fac8-4a36-b63a-88c184fa6b76,11,5,1,0
110,4fbddeb6-3675-4a9a-91c0-24a77fe7dabf,13,1,1,0
110,77f2b801-c6ac-4ae9-81c9-4d43fd679b7f,0,4,1,0
110,2302f02c-c357-4d8f-9300-7d044f16ae30,24,1,1,0
110,6fb7f9a5-0d81-4b4a-ab14-8d6072a85b95,13,2,1,0
110,8bbfa3c3-8f11-43ea-8c70-96f82fa4cda6,0,4,1,0
110,f5726084-fac8-4a36-b63a-88c184fa6b76,11,5,1,0
111,4fbddeb6-3675-4a9a-91c0-24a77fe7dabf,13,1,1,0
111,77f2b801-c6ac-4ae9-81c9-4d43fd679b7f,0,4,1,0
111,2302f02c-c357-4d8f-9300-7d044f16ae30,24,1,1,0
111,6fb7f9a5-0d81-4b4a-ab14-8d6072a85b95,13,2,1,0
111,8bbfa3c3-8f11-43ea-8c70-96f82fa4cda6,0,4,1,0
111,f5726084-fac8-4a36-b63a-88c184fa6b76,11,5,1,0
112,4fbddeb6-3675-4a9a-91c0-24a77fe7dabf,13,1,1,0
112,77f2b801-c6ac-4ae9-81c9-4d43fd679b7f,0,4,1,0
112,2302f02c-c357-4d8f-9300-7d044f16ae30,24,1,1,0
112,6fb7f9a5-0d81-4b4a-ab14-8d6072a85b95,13,2,1,0
112,8bbfa3c3-8f11-43ea-8c70-96f82fa4cda6,0,4,1,0
112,f5726084-fac8-4a36-b63a-88c184fa6b76,11,5,1,0
113,4fbddeb6-3675-4a9a-91c0-24a77fe7dabf,13,1,1,0
113,77f2b801-c6ac-4ae9-81c9-4d43fd679b7f,0,4,1,0
113,2302f02c-c357-4d8f-9300-7d044f16ae30,24,1,1,0
113,6fb7f9a5-0d81-4b4a-ab14-8d6072a85b95,13,2,1,0
113,8bbfa3c3-8f11-43ea-8c70-96f82fa4cda6,0,4,1,0
113,f5726084-fac8-4a36-b63a-88c184fa6b76,11,5,1,0
114,4fbddeb6-3675-4a9a-91c0-24a77fe7dabf,13,1,1,0
114,77f2b801-c6ac-4ae9-81c9-4d43fd679b7f,0,4,1,0
114,2302f02c-c357-4d8f-9300-7d044f16ae30,24,1,1,0
114,6fb7f9a5-0d81-4b4a-ab14-8d6072a85b95,13,2,1,0
114,8bbfa3c3-8f11-43ea-8c70-96f82fa4cda6,0,4,1,0
114,f5726084-fac8-4a36-b63a-88c184fa6b76,11,5,1,0
115,4fbddeb6-3675-4a9a-91c0-24a77fe7dabf,13,1,1,0
115,77f2b801-c6ac-4ae9-81c9-4d43fd679b7f,0,4,1,0
115,2302f02c-c357-4d8f-9300-7d044f16ae30,24,1,1,0
115,6fb7f9a5-0d81-4b4a-ab14-8d6072a85b95,13,2,1,0
115,8bbfa3c3-8f11-43ea-8c70-96f82fa4cda6,0,4,1,0
115,f5726084-fac8-4a36-b63a-88c184fa6b76,11,5,1,0
116,4fbddeb6-3675-4a9a-91c0-24a77fe7dabf,13,1,1,0
116,77f2b801-c6ac-4ae9-81c9-4d43fd679b7f,0,4,1,0
116,2302f02c-c357-4d8f-9300-7d044f16ae30,24,1,1,0
116,6fb7f9a5-0d81-4b4a-ab14-8d6072a85b95,13,2,1,0
116,8bbfa3c3-8f11-43ea-8c70-96f82fa4cda6,0,4,1,0
116,f5726084-fac8-4a36-b63a-88c184fa6b76,11,5,1,0
117,4fbddeb6-3675-4a9a-91c0-24a77fe7dabf,13,1,1,0
117,77f2b801-c6ac-4ae9-81c9-4d43fd679b7f,0,4,1,0
117,2302f02c-c357-4d8f-9300-7d044f16ae30,24,1,1,0
117,6fb7f9a5-0d81-4b4a-ab14-8d6072a85b95,13,2,1,0
117,8bbfa3c3-8f11-43ea-8c70-96f82fa4cda6,0,4,1,0
117,f5726084-fac8-4a36-b63a-88c184fa6b76,11,5,1,0
118,4fbddeb6-3675-4a9a-91c0-24a77fe7dabf,13,1,1,0
118,77f2b801-c6ac-4ae9-81c9-4d43fd679b7f,0,4,1,0
118,2302f02c-c357-4d8f-9300-7d044f16ae30,24,1,1,0
118,6fb7f9a5-0d81-4b4a-ab14-8d6072a85b95,13,2,1,0
118,8bbfa3c3-8f11-43ea-8c70-96f82fa4cda6,0,4,1,0
118,f5726084-fac8-4a36-b63a-88c184fa6b76,11,5,1,0
119,4fbddeb6-3675-4a9a-91c0-24a77fe7dabf,13,1,1,0
119,77f2b801-c6ac-4ae9-81c9-4d43fd679b7f,0,4,1,0
119,2302f02c-c357-4d8f-9300-7d044f16ae30,24,1,1,0
119,6fb7f9a5-0d81-4b4a-ab14-8d6072a85b95,13,2,1,0
119,8bbfa3c3-8f11-43ea-8c70-96f82fa4cda6,0,4,1,0
119,f5726084-fac8-4a36-b63a-88c184fa6b76,11,5,1,0
120,4fbddeb6-3675-4a9a-91c0-24a77fe7dabf,13,1,1,0
120,77f2b801-c6ac-4ae9-81c9-4d43fd679b7f,0,4,1,0
120,2302f02c-c357-4d8f-9300-7d044f16ae30,24,1,1,0
120,6fb7f9a5-0d81-4b4a-ab14-8d6072a85b95,13,2,1,0
120,8bbfa3c3-8f11-43ea-8c70-96f82fa4cda6,0,4,1,0
120,f5726084-fac8-4a36-b63a-88c184fa6b76,11,5,1,0
121,4fbddeb6-3675-4a9a-91c0-24a77fe7dabf,13,1,1,0
121,77f2b801-c6ac-4ae9-81c9-4d43fd679b7f,0,4,1,0
121,2302f02c-c357-4d8f-9300-7d044f16ae30,24,1,1,0
121,6fb7f9a5-0d81-4b4a-ab14-8d6072a85b95,13,2,1,0
121,8bbfa3c3-8f11-43ea-8c70-96f82fa4cda6,0,4,1,0
121,f5726084-fac8-4a36-b63a-88c184fa6b76,11,5,1,0
122,4fbddeb6-3675-4a9a-91c0-24a77fe7dabf,13,1,1,0
122,77f2b801-c6ac-4ae9-81c9-4d43fd679b7f,0,4,1,0
122,2302f02c-c357-4d8f-9300-7d044f16ae30,24,1,1,0
122,6fb7f9a5-0d81-4b4a-ab14-8d6072a85b95,13,2,1,0
122,8bbfa3c3-8f11-43ea-8c70-96f82fa4cda6,0,4,1,0
122,f5726084-fac8-4a36-b63a-88c184fa6b76,11,5,1,0
123,4fbddeb6-3675-4a9a-91c0-24a77fe7dabf,13,1,1,0
123,77f2b801-c6ac-4ae9-81c9-4d43fd679b7f,0,4,1,0
123,2302f02c-c357-4d8f-9300-7d044f16ae30,24,1,1,0
123,6fb7f9a5-0d81-4b4a-ab14-8d6072a85b95,13,2,1,0
123,8bbfa3c3-8f11-43ea-8c70-96f82fa4cda6,0,4,1,0
123,f5726084-fac8-4a36-b63a-88c184fa6b76,11,5,1,0
124,4fbddeb6-3675-4a9a-91c0-24a77fe7dabf,13,1,1,0
124,77f2b801-c6ac-4ae9-81c9-4d43fd679b7f,0,4,1,0
124,2302f02c-c357-4d8f-9300-7d044f16ae30,24,1,1,0
124,6fb7f9a5-0d81-4b4a-ab14-8d6072a85b95,13,2,1,0
124,8bbfa3c3-8f11-43ea-8c70-96f82fa4cda6,0,4,1,0
124,f5726084-fac8-4a36-b63a-88c184fa6b76,11,5,1,0
125,4fbddeb6-3675-4a9a-91c0-24a77fe7dabf,13,1,1,0
125,77f2b801-c6ac-4ae9-81c9-4d43fd679b7f,0,4,1,0
125,2302f02c-c357-4d8f-9300-7d044f16ae30,24,1,1,0
125,6fb7f9a5-0d81-4b4a-ab14-8d6072a85b95,13,2,1,0
125,8bbfa3c3-8f11-43ea-8c70-96f82fa4cda6,0,4,1,0
125,f5726084-fac8-4a36-b63a-88c184fa6b76,11,5,1,0
126,4fbddeb6-3675-4a9a-91c0-24a77fe7dabf,13,1,1,0
126,77f2b801-c6ac-4ae9-81c9-4d43fd679b7f,0,4,1,0
126,2302f02c-c357-4d8f-9300-7d044f16ae30,24,1,1,0
126,6fb7f9a5-0d81-4b4a-ab14-8d6072a85b95,13,2,1,0
126,8bbfa3c3-8f11-43ea-8c70-96f82fa4cda6,0,4,1,0
126,f5726084-fac8-4a36-b63a-88c184fa6b76,11,5,1,0
127,4fbddeb6-3675-4a9a-91c0-24a77fe7dabf,13,1,1,0
127,77f2b801-c6ac-4ae9-81c9-4d43fd679b7f,0,4,1,0
127,2302f02c-c357-4d8f-9300-7d044f16ae30,24,1,1,0
127,6fb7f9a5-0d81-4b4a-ab14-8d6072a85b95,13,2,1,0
127,8bbfa3c3-8f11-43ea-8c70-96f82fa4cda6,0,4,1,0
127,f5726084-fac8-4a36-b63a-88c184fa6b76,11,5,1,0
128,4fbddeb6-3675-4a9a-91c0-24a77fe7dabf,13,1,1,0
128,77f2b801-c6ac-4ae9-81c9-4d43fd679b7f,0,4,1,0
128,2302f02c-c357-4d8f-9300-7d044f16ae30,24,1,1,0
128,6fb7f9a5-0d81-4b4a-ab14-8d6072a85b95,13,2,1,0
128,8bbfa3c3-8f11-43ea-8c70-96f82fa4cda6,0,4,1,0
128,f5726084-fac8-4a36-b63a-88c184fa6b76,11,5,1,0
129,4fbddeb6-3675-4a9a-91c0-24a77fe7dabf,13,1,1,0
129,77f2b801-c6ac-4ae9-81c9-4d43fd679b7f,0,4,1,0
129,2302f02c-c357-4d8f-9300-7d044f16ae30,24,1,1,0
129,6fb7f9a5-0d81-4b4a-ab14-8d6072a85b95,13,2,1,0
129,8bbfa3c3-8f11-43ea-8c70-96f82fa4cda6,0,4,1,0
129,f5726084-fac8-4a36-b63a-88c184fa6b76,11,5,1,0
130,4fbddeb6-3675-4a9a-91c0-24a77fe7dabf,13,1,1,0
130,77f2b801-c6ac-4ae9-81c9-4d43fd679b7f,0,4,1,0
130,2302f02c-c357-4d8f-9300-7d044f16ae30,24,1,1,0
130,6fb7f9a5-0d81-4b4a-ab14-8d6072a85b95,13,2,1,0
130,8bbfa3c3-8f11-43ea-8c70-96f82fa4cda6,0,4,1,0
130,f5726084-fac8-4a36-b63a-88c184fa6b76,11,5,1,0
131,4fbddeb6-3675-4a9a-91c0-24a77fe7dabf,13,1,1,0
131,77f2b801-c6ac-4ae9-81c9-4d43fd679b7f,0,4,1,0
131,2302f02c-c357-4d8f-9300-7d044f16ae30,24,1,1,0
131,6fb7f9a5-0d81-4b4a-ab14-8d6072a85b95,13,2,1,0
131,8bbfa3c3-8f11-43ea-8c70-96f82fa4cda6,0,4,1,0
131,f5726084-fac8-4a36-b63a-88c184fa6b76,11,5,1,0
132,4fbddeb6-3675-4a9a-91c0-24a77fe7dabf,13,1,1,0
132,77f2b801-c6ac-4ae9-81c9-4d43fd679b7f,0,4,1,0
132,2302f02c-c357-4d8f-9300-7d044f16ae30,24,1,1,0
132,6fb7f9a5-0d81-4b4a-ab14-8d6072a85b95,13,2,1,0
132,8bbfa3c3-8f11-43ea-8c70-96f82fa4cda6,0,4,1,0
132,f5726084-fac8-4a36-b63a-88c184fa6b76,11,5,1,0
133,4fbddeb6-3675-4a9a-91c0-24a77fe7dabf,13,1,1,0
133,77f2b801-c6ac-4ae9-81c9-4d43fd679b7f,0,4,1,0
133,2302f02c-c357-4d8f-9300-7d044f16ae30,24,1,1,0
133,6fb7f9a5-0d81-4b4a-ab14-8d6072a85b95,13,2,1,0
133,8bbfa3c3-8f11-43ea-8c70-96f82fa4cda6,0,4,1,0
133,f5726084-fac8-4a36-b63a-88c184fa6b76,11,5,1,0
134,4fbddeb6-3675-4a9a-91c0-24a77fe7dabf,13,1,1,0
134,77f2b801-c6ac-4ae9-81c9-4d43fd679b7f,0,4,1,0
134,2302f02c-c357-4d8f-9300-7d044f16ae30,24,1,1,0
134,6fb7f9a5-0d81-4b4a-ab14-8d6072a85b95,13,2,1,0
134,8bbfa3c3-8f11-43ea-8c70-96f82fa4cda6,0,4,1,0
134,f5726084-fac8-4a36-b63a-88c184fa6b76,11,5,1,0
135,4fbddeb6-3675-4a9a-91c0-24a77fe7dabf,13,1,1,0
135,77f2b801-c6ac-4ae9-81c9-4d43fd679b7f,0,4,1,0
135,2302f02c-c357-4d8f-9300-7d044f16ae30,24,1,1,0
135,6fb7f9a5-0d81-4b4a-ab14-8d6072a85b95,13,2,1,0
135,8bbfa3c3-8f11-43ea-8c70-96f82fa4cda6,0,4,1,0
135,f5726084-fac8-4a36-b63a-88c184fa6b76,11,5,1,0
136,4fbddeb6-3675-4a9a-91c0-24a77fe7dabf,13,1,1,0
136,77f2b801-c6ac-4ae9-81c9-4d43fd679b7f,0,4,1,0
136,2302f02c-c357-4d8f-9300-7d044f16ae30,24,1,1,0
136,6fb7f9a5-0d81-4b4a-ab14-8d6072a85b95,13,2,1,0
136,8bbfa3c3-8f11-43ea-8c70-96f82fa4cda6,0,4,1,0
136,f5726084-fac8-4a36-b63a-88c184fa6b76,11,5,1,0
137,4fbddeb6-3675-4a9a-91c0-24a77fe7dabf,13,1,1,0
137,77f2b801-c6ac-4ae9-81c9-4d43fd679b7f,0,4,1,0
137,2302f02c-c357-4d8f-9300-7d044f16ae30,24,1,1,0
137,6fb7f9a5-0d81-4b4a-ab14-8d6072a85b95,13,2,1,0
137,8bbfa3c3-8f11-43ea-8c70-96f82fa4cda6,0,4,1,0
137,f5726084-fac8-4a36-b63a-88c184fa6b76,11,5,1,0
138,4fbddeb6-3675-4a9a-91c0-24a77fe7dabf,13,1,1,0
138,77f2b801-c6ac-4ae9-81c9-4d43fd679b7f,0,4,1,0
138,2302f02c-c357-4d8f-9300-7d044f16ae30,24,1,1,0
138,6fb7f9a5-0d81-4b4a-ab14-8d6072a85b95,13,2,1,0
138,8bbfa3c3-8f11-43ea-8c70-96f82fa4cda6,0,4,1,0
138,f5726084-fac8-4a36-b63a-88c184fa6b76,11,5,1,0
139,4fbddeb6-3675-4a9a-91c0-24a77fe7dabf,13,1,1,0
139,77f2b801-c6ac-4ae9-81c9-4d43fd679b7f,0,4,1,0
139,2302f02c-c357-4d8f-9300-7d044f16ae30,24,1,1,0
139,6fb7f9a5-0d81-4b4a-ab14-8d6072a85b95,13,2,1,0
139,8bbfa3c3-8f11-43ea-8c70-96f82fa4cda6,0,4,1,0
139,f5726084-fac8-4a36-b63a-88c184fa6b76,11,5,1,0
140,4fbddeb6-3675-4a9a-91c0-24a77fe7dabf,13,1,1,0
140,77f2b801-c6ac-4ae9-81c9-4d43fd679b7f,0,4,1,0
140,2302f02c-c357-4d8f-9300-7d044f16ae30,24,1,1,0
140,6fb7f9a5-0d81-4b4a-ab14-8d6072a85b95,13,2,1,0
140,8bbfa3c3-8f11-43ea-8c70-96f82fa4cda6,0,4,1,0
140,f5726084-fac8-4a36-b63a-88c184fa6b76,11,5,1,0
141,4fbddeb6-3675-4a9a-91c0-24a77fe7dabf,13,1,1,0
141,77f2b801-c6ac-4ae9-81c9-4d43fd679b7f,0,4,1,0
141,2302f02c-c357-4d8f-9300-7d044f16ae30,24,1,1,0
141,6fb7f9a5-0d81-4b4a-ab14-8d6072a85b95,13,2,1,0
141,8bbfa3c3-8f11-43ea-8c70-96f82fa4cda6,0,4,1,0
141,f5726084-fac8-4a36-b63a-88c184fa6b76,11,5,1,0
142,4fbddeb6-3675-4a9a-91c0-24a77fe7dabf,13,1,1,0
142,77f2b801-c6ac-4ae9-81c9-4d43fd679b7f,0,4,1,0
142,2302f02c-c357-4d8f-9300-7d044f16ae30,24,1,1,0
142,6fb7f9a5-0d81-4b4a-ab14-8d6072a85b95,13,2,1,0
142,8bbfa3c3-8f11-43ea-8c70-96f82fa4cda6,0,4,1,0
142,f5726084-fac8-4a36-b63a-88c184fa6b76,11,5,1,0
143,4fbddeb6-3675-4a9a-91c0-24a77fe7dabf,13,1,1,0
143,77f2b801-c6ac-4ae9-81c9-4d43fd679b7f,0,4,1,0
143,2302f02c-c357-4d8f-9300-7d044f16ae30,24,1,1,0
143,6fb7f9a5-0d81-4b4a-ab14-8d6072a85b95,13,2,1,0
143,8bbfa3c3-8f11-43ea-8c70-96f82fa4cda6,0,4,1,0
143,f5726084-fac8-4a36-b63a-88c184fa6b76,11,5,1,0
144,4fbddeb6-3675-4a9a-91c0-24a77fe7dabf,13,1,1,0
144,77f2b801-c6ac-4ae9-81c9-4d43fd679b7f,0,4,1,0
144,2302f02c-c357-4d8f-9300-7d044f16ae30,24,1,1,0
144,6fb7f9a5-0d81-4b4a-ab14-8d6072a85b95,13,2,1,0
144,8bbfa3c3-8f11-43ea-8c70-96f82fa4cda6,0,4,1,0
144,f5726084-fac8-4a36-b63a-88c184fa6b76,11,5,1,0
145,4fbddeb6-3675-4a9a-91c0-24a77fe7dabf,13,1,1,0
145,77f2b801-c6ac-4ae9-81c9-4d43fd679b7f,0,4,1,0
145,2302f02c-c357-4d8f-9300-7d044f16ae30,24,1,1,0
145,6fb7f9a5-0d81-4b4a-ab14-8d6072a85b95,13,2,1,0
145,8bbfa3c3-8f11-43ea-8c70-96f82fa4cda6,0,4,1,0
145,f5726084-fac8-4a36-b63a-88c184fa6b76,11,5,1,0
146,4fbddeb6-3675-4a9a-91c0-24a77fe7dabf,13,1,1,0
146,77f2b801-c6ac-4ae9-81c9-4d43fd679b7f,0,4,1,0
146,2302f02c-c357-4d8f-9300-7d044f16ae30,24,1,1,0
146,6fb7f9a5-0d81-4b4a-ab14-8d6072a85b95,13,2,1,0
146,8bbfa3c3-8f11-43ea-8c70-96f82fa4cda6,0,4,1,0
146,f5726084-fac8-4a36-b63a-88c184fa6b76,11,5,1,0
147,4fbddeb6-3675-4a9a-91c0-24a77fe7dabf,13,1,1,0
147,77f2b801-c6ac-4ae9-81c9-4d43fd679b7f,0,4,1,0
147,2302f02c-c357-4d8f-9300-7d044f16ae30,24,1,1,0
147,6fb7f9a5-0d81-4b4a-ab14-8d6072a85b95,13,2,1,0
147,8bbfa3c3-8f11-43ea-8c70-96f82fa4cda6,0,4,1,0
147,f5726084-fac8-4a36-b63a-88c184fa6b76,11,5,1,0
148,4fbddeb6-3675-4a9a-91c0-24a77fe7dabf,13,1,1,0
148,77f2b801-c6ac-4ae9-81c9-4d43fd679b7f,0,4,1,0
148,2302f02c-c357-4d8f-9300-7d044f16ae30,24,1,1,0
148,6fb7f9a5-0d81-4b4a-ab14-8d6072a85b95,13,2,1,0
148,8bbfa3c3-8f11-43ea-8c70-96f82fa4cda6,0,4,1,0
148,f5726084-fac8-4a36-b63a-88c184fa6b76,11,5,1,0
149,4fbddeb6-3675-4a9a-91c0-24a77fe7dabf,13,1,1,0
149,77f2b801-c6ac-4ae9-81c9-4d43fd679b7f,0,4,1,0
149,2302f02c-c357-4d8f-9300-7d044f16ae30,24,1,1,0
149,6fb7f9a5-0d81-4b4a-ab14-8d6072a85b95,13,2,1,0
149,8bbfa3c3-8f11-43ea-8c70-96f82fa4cda6,0,4,1,0
149,f5726084-fac8-4a36-b63a-88c184fa6b76,11,5,1,0
150,4fbddeb6-3675-4a9a-91c0-24a77fe7dabf,13,1,1,0
150,77f2b801-c6ac-4ae9-81c9-4d43fd679b7f,0,4,1,0
150,2302f02c-c357-4d8f-9300-7d044f16ae30,24,1,1,0
150,6fb7f9a5-0d81-4b4a-ab14-8d6072a85b95,13,2,1,0
150,8bbfa3c3-8f11-43ea-8c70-96f82fa4cda6,0,4,1,0
150,f5726084-fac8-4a36-b63a-88c184fa6b76,11,5,1,0
151,4fbddeb6-3675-4a9a-91c0-24a77fe7dabf,13,1,1,0
151,77f2b801-c6ac-4ae9-81c9-4d43fd679b7f,0,4,1,0
151,2302f02c-c357-4d8f-9300-7d044f16ae30,24,1,1,0
151,6fb7f9a5-0d81-4b4a-ab14-8d6072a85b95,13,2,1,0
151,8bbfa3c3-8f11-43ea-8c70-96f82fa4cda6,0,4,1,0
151,f5726084-fac8-4a36-b63a-88c184fa6b76,11,5,1,0
152,4fbddeb6-3675-4a9a-91c0-24a77fe7dabf,13,1,1,0
152,77f2b801-c6ac-4ae9-81c9-4d43fd679b7f,0,4,1,0
152,2302f02c-c357-4d8f-9300-7d044f16ae30,24,1,1,0
152,6fb7f9a5-0d81-4b4a-ab14-8d6072a85b95,13,2,1,0
152,8bbfa3c3-8f11-43ea-8c70-96f82fa4cda6,0,4,1,0
152,f5726084-fac8-4a36-b63a-88c184fa6b76,11,5,1,0
153,4fbddeb6-3675-4a9a-91c0-24a77fe7dabf,13,1,1,0
153,77f2b801-c6ac-4ae9-81c9-4d43fd679b7f,0,4,1,0
153,2302f02c-c357-4d8f-9300-7d044f16ae30,24,1,1,0
153,6fb7f9a5-0d81-4b4a-ab14-8d6072a85b95,13,2,1,0
153,8bbfa3c3-8f11-43ea-8c70-96f82fa4cda6,0,4,1,0
153,f5726084-fac8-4a36-b63a-88c184fa6b76,11,5,1,0
154,4fbddeb6-3675-4a9a-91c0-24a77fe7dabf,13,1,1,0
154,77f2b801-c6ac-4ae9-81c9-4d43fd679b7f,0,4,1,0
154,2302f02c-c357-4d8f-9300-7d044f16ae30,24,1,1,0
154,6fb7f9a5-0d81-4b4a-ab14-8d6072a85b95,13,2,1,0
154,8bbfa3c3-8f11-43ea-8c70-96f82fa4cda6,0,4,1,0
154,f5726084-fac8-4a36-b63a-88c184fa6b76,11,5,1,0
155,4fbddeb6-3675-4a9a-91c0-24a77fe7dabf,13,1,1,0
155,77f2b801-c6ac-4ae9-81c9-4d43fd679b7f,0,4,1,0
155,2302f02c-c357-4d8f-9300-7d044f16ae30,24,1,1,0
155,6fb7f9a5-0d81-4b4a-ab14-8d6072a85b95,13,2,1,0
155,8bbfa3c3-8f11-43ea-8c70-96f82fa4cda6,0,4,1,0
155,f5726084-fac8-4a36-b63a-88c184fa6b76,11,5,1,0
156,4fbddeb6-3675-4a9a-91c0-24a77fe7dabf,13,1,1,0
156,77f2b801-c6ac-4ae9-81c9-4d43fd679b7f,0,4,1,0
156,2302f02c-c357-4d8f-9300-7d044f16ae30,24,1,1,0
156,6fb7f9a5-0d81-4b4a-ab14-8d6072a85b95,13,2,1,0
156,8bbfa3c3-8f11-43ea-8c70-96f82fa4cda6,0,4,1,0
156,f5726084-fac8-4a36-b63a-88c184fa6b76,11,5,1,0
157,4fbddeb6-3675-4a9a-91c0-24a77fe7dabf,13,1,1,0
157,77f2b801-c6ac-4ae9-81c9-4d43fd679b7f,0,4,1,0
157,2302f02c-c357-4d8f-9300-7d044f16ae30,24,1,1,0
157,6fb7f9a5-0d81-4b4a-ab14-8d6072a85b95,13,2,1,0
157,8bbfa3c3-8f11-43ea-8c70-96f82fa4cda6,0,4,1,0
157,f5726084-fac8-4a36-b63a-88c184fa6b76,11,5,1,0
158,4fbddeb6-3675-4a9a-91c0-24a77fe7dabf,13,1,1,0
158,77f2b801-c6ac-4ae9-81c9-4d43fd679b7f,0,4,1,0
158,2302f02c-c357-4d8f-9300-7d044f16ae30,24,1,1,0
158,6fb7f9a5-0d81-4b4a-ab14-8d6072a85b95,13,2,1,0
158,8bbfa3c3-8f11-43ea-8c70-96f82fa4cda6,0,4,1,0
158,f5726084-fac8-4a36-b63a-88c184fa6b76,11,5,1,0
159,4fbddeb6-3675-4a9a-91c0-24a77fe7dabf,13,1,1,0
159,77f2b801-c6ac-4ae9-81c9-4d43fd679b7f,0,4,1,0
159,2302f02c-c357-4d8f-9300-7d044f16ae30,24,1,1,0
159,6fb7f9a5-0d81-4b4a-ab14-8d6072a85b95,13,2,1,0
159,8bbfa3c3-8f11-43ea-8c70-96f82fa4cda6,0,4,1,0
159,f5726084-fac8-4a36-b63a-88c184fa6b76,11,5,1,0
160,4fbddeb6-3675-4a9a-91c0-24a77fe7dabf,13,1,1,0
160,77f2b801-c6ac-4ae9-81c9-4d43fd679b7f,0,4,1,0
160,2302f02c-c357-4d8f-9300-7d044f16ae30,24,1,1,0
160,6fb7f9a5-0d81-4b4a-ab14-8d6072a85b95,13,2,1,0
160,8bbfa3c3-8f11-43ea-8c70-96f82fa4cda6,0,4,1,0
160,f5726084-fac8-4a36-b63a-88c184fa6b76,11,5,1,0
161,4fbddeb6-3675-4a9a-91c0-24a77fe7dabf,13,1,1,0
161,77f2b801-c6ac-4ae9-81c9-4d43fd679b7f,0,4,1,0
161,2302f02c-c357-4d8f-9300-7d044f16ae30,24,1,1,0
161,6fb7f9a5-0d81-4b4a-ab14-8d6072a85b95,13,2,1,0
161,8bbfa3c3-8f11-43ea-8c70-96f82fa4cda6,0,4,1,0
161,f5726084-fac8-4a36-b63a-88c184fa6b76,11,5,1,0
162,4fbddeb6-3675-4a9a-91c0-24a77fe7dabf,13,1,1,0
162,77f2b801-c6ac-4ae9-81c9-4d43fd679b7f,0,4,1,0
162,2302f02c-c357-4d8f-9300-7d044f16ae30,24,1,1,0
162,6fb7f9a5-0d81-4b4a-ab14-8d6072a85b95,13,2,1,0
162,8bbfa3c3-8f11-43ea-8c70-96f82fa4cda6,0,4,1,0
162,f5726084-fac8-4a36-b63a-88c184fa6b76,11,5,1,0
163,4fbddeb6-3675-4a9a-91c0-24a77fe7dabf,13,1,1,0
163,77f2b801-c6ac-4ae9-81c9-4d43fd679b7f,0,4,1,0
163,2302f02c-c357-4d8f-9300-7d044f16ae30,24,1,1,0
163,6fb7f9a5-0d81-4b4a-ab14-8d6072a85b95,13,2,1,0
163,8bbfa3c3-8f11-43ea-8c70-96f82fa4cda6,0,4,1,0
163,f5726084-fac8-4a36-b63a-88c184fa6b76,11,5,1,0
164,4fbddeb6-3675-4a9a-91c0-24a77fe7dabf,13,1,1,0
164,77f2b801-c6ac-4ae9-81c9-4d43fd679b7f,0,4,1,0
164,2302f02c-c357-4d8f-9300-7d044f16ae30,24,1,1,0
164,6fb7f9a5-0d81-4b4a-ab14-8d6072a85b95,13,2,1,0
164,8bbfa3c3-8f11-43ea-8c70-96f82fa4cda6,0,4,1,0
164,f5726084-fac8-4a36-b63a-88c184fa6b76,11,5,1,0
165,4fbddeb6-3675-4a9a-91c0-24a77fe7dabf,13,1,1,0
165,77f2b801-c6ac-4ae9-81c9-4d43fd679b7f,0,4,1,0
165,2302f02c-c357-4d8f-9300-7d044f16ae30,24,1,1,0
165,6fb7f9a5-0d81-4b4a-ab14-8d6072a85b95,13,2,1,0
165,8bbfa3c3-8f11-43ea-8c70-96f82fa4cda6,0,4,1,0
165,f5726084-fac8-4a36-b63a-88c184fa6b76,11,5,1,0
166,4fbddeb6-3675-4a9a-91c0-24a77fe7dabf,13,1,1,0
166,77f2b801-c6ac-4ae9-81c9-4d43fd679b7f,0,4,1,0
166,2302f02c-c357-4d8f-9300-7d044f16ae30,24,1,1,0
166,6fb7f9a5-0d81-4b4a-ab14-8d6072a85b95,13,2,1,0
166,8bbfa3c3-8f11-43ea-8c70-96f82fa4cda6,0,4,1,0
166,f5726084-fac8-4a36-b63a-88c184fa6b76,11,5,1,0
167,4fbddeb6-3675-4a9a-91c0-24a77fe7dabf,13,1,1,0
167,77f2b801-c6ac-4ae9-81c9-4d43fd679b7f,0,4,1,0
167,2302f02c-c357-4d8f-9300-7d044f16ae30,24,1,1,0
167,6fb7f9a5-0d81-4b4a-ab14-8d6072a85b95,13,2,1,0
167,8bbfa3c3-8f11-43ea-8c70-96f82fa4cda6,0,4,1,0
167,f5726084-fac8-4a36-b63a-88c184fa6b76,11,5,1,0
168,4fbddeb6-3675-4a9a-91c0-24a77fe7dabf,13,1,1,0
168,77f2b801-c6ac-4ae9-81c9-4d43fd679b7f,0,4,1,0
168,2302f02c-c357-4d8f-9300-7d044f16ae30,24,1,1,0
168,6fb7f9a5-0d81-4b4a-ab14-8d6072a85b95,13,2,1,0
168,8bbfa3c3-8f11-43ea-8c70-96f82fa4cda6,0,4,1,0
168,f5726084-fac8-4a36-b63a-88c184fa6b76,11,5,1,0
169,4fbddeb6-3675-4a9a-91c0-24a77fe7dabf,13,1,1,0
169,77f2b801-c6ac-4ae9-81c9-4d43fd679b7f,0,4,1,0
169,2302f02c-c357-4d8f-9300-7d044f16ae30,24,1,1,0
169,6fb7f9a5-0d81-4b4a-ab14-8d6072a85b95,13,2,1,0
169,8bbfa3c3-8f11-43ea-8c70-96f82fa4cda6,0,4,1,0
169,f5726084-fac8-4a36-b63a-88c184fa6b76,11,5,1,0
170,4fbddeb6-3675-4a9a-91c0-24a77fe7dabf,13,1,1,0
170,77f2b801-c6ac-4ae9-81c9-4d43fd679b7f,0,4,1,0
170,2302f02c-c357-4d8f-9300-7d044f16ae30,24,1,1,0
170,6fb7f9a5-0d81-4b4a-ab14-8d6072a85b95,13,2,1,0
170,8bbfa3c3-8f11-43ea-8c70-96f82fa4cda6,0,4,1,0
170,f5726084-fac8-4a36-b63a-88c184fa6b76,11,5,1,0
171,4fbddeb6-3675-4a9a-91c0-24a77fe7dabf,13,1,1,0
171,77f2b801-c6ac-4ae9-81c9-4d43fd679b7f,0,4,1,0
171,2302f02c-c357-4d8f-9300-7d044f16ae30,24,1,1,0
171,6fb7f9a5-0d81-4b4a-ab14-8d6072a85b95,13,2,1,0
171,8bbfa3c3-8f11-43ea-8c70-96f82fa4cda6,0,4,1,0
171,f5726084-fac8-4a36-b63a-88c184fa6b76,11,5,1,0
172,4fbddeb6-3675-4a9a-91c0-24a77fe7dabf,13,1,1,0
172,77f2b801-c6ac-4ae9-81c9-4d43fd679b7f,0,4,1,0
172,2302f02c-c357-4d8f-9300-7d044f16ae30,24,1,1,0
172,6fb7f9a5-0d81-4b4a-ab14-8d6072a85b95,13,2,1,0
172,8bbfa3c3-8f11-43ea-8c70-96f82fa4cda6,0,4,1,0
172,f5726084-fac8-4a36-b63a-88c184fa6b76,11,5,1,0
173,4fbddeb6-3675-4a9a-91c0-24a77fe7dabf,13,1,1,0
173,77f2b801-c6ac-4ae9-81c9-4d43fd679b7f,0,4,1,0
173,2302f02c-c357-4d8f-9300-7d044f16ae30,24,1,1,0
173,6fb7f9a5-0d81-4b4a-ab14-8d6072a85b95,13,2,1,0
173,8bbfa3c3-8f11-43ea-8c70-96f82fa4cda6,0,4,1,0
173,f5726084-fac8-4a36-b63a-88c184fa6b76,11,5,1,0
174,4fbddeb6-3675-4a9a-91c0-24a77fe7dabf,13,1,1,0
174,77f2b801-c6ac-4ae9-81c9-4d43fd679b7f,0,4,1,0
174,2302f02c-c357-4d8f-9300-7d044f16ae30,24,1,1,0
174,6fb7f9a5-0d81-4b4a-ab14-8d6072a85b95,13,2,1,0
174,8bbfa3c3-8f11-43ea-8c70-96f82fa4cda6,0,4,1,0
174,f5726084-fac8-4a36-b63a-88c184fa6b76,11,5,1,0
175,4fbddeb6-3675-4a9a-91c0-24a77fe7dabf,13,1,1,0
175,77f2b801-c6ac-4ae9-81c9-4d43fd679b7f,0,4,1,0
175,2302f02c-c357-4d8f-9300-7d044f16ae30,24,1,1,0
175,6fb7f9a5-0d81-4b4a-ab14-8d6072a85b95,13,2,1,0
175,8bbfa3c3-8f11-43ea-8c70-96f82fa4cda6,0,4,1,0
175,f5726084-fac8-4a36-b63a-88c184fa6b76,11,5,1,0
176,4fbddeb6-3675-4a9a-91c0-24a77fe7dabf,13,1,1,0
176,77f2b801-c6ac-4ae9-81c9-4d43fd679b7f,0,4,1,0
176,2302f02c-c357-4d8f-9300-7d044f16ae30,24,1,1,0
176,6fb7f9a5-0d81-4b4a-ab14-8d6072a85b95,13,2,1,0
176,8bbfa3c3-8f11-43ea-8c70-96f82fa4cda6,0,4,1,0
176,f5726084-fac8-4a36-b63a-88c184fa6b76,11,5,1,0
177,4fbddeb6-3675-4a9a-91c0-24a77fe7dabf,13,1,1,0
177,77f2b801-c6ac-4ae9-81c9-4d43fd679b7f,0,4,1,0
177,2302f02c-c357-4d8f-9300-7d044f16ae30,24,1,1,0
177,6fb7f9a5-0d81-4b4a-ab14-8d6072a85b95,13,2,1,0
177,8bbfa3c3-8f11-43ea-8c70-96f82fa4cda6,0,4,1,0
177,f5726084-fac8-4a36-b63a-88c184fa6b76,11,5,1,0
178,4fbddeb6-3675-4a9a-91c0-24a77fe7dabf,13,1,1,0
178,77f2b801-c6ac-4ae9-81c9-4d43fd679b7f,0,4,1,0
178,2302f02c-c357-4d8f-9300-7d044f16ae30,24,1,1,0
178,6fb7f9a5-0d81-4b4a-ab14-8d6072a85b95,13,2,1,0
178,8bbfa3c3-8f11-43ea-8c70-96f82fa4cda6,0,4,1,0
178,f5726084-fac8-4a36-b63a-88c184fa6b76,11,5,1,0
179,4fbddeb6-3675-4a9a-91c0-24a77fe7dabf,13,1,1,0
179,77f2b801-c6ac-4ae9-81c9-4d43fd679b7f,0,4,1,0
179,2302f02c-c357-4d8f-9300-7d044f16ae30,24,1,1,0
179,6fb7f9a5-0d81-4b4a-ab14-8d6072a85b95,13,2,1,0
179,8bbfa3c3-8f11-43ea-8c70-96f82fa4cda6,0,4,1,0
179,f5726084-fac8-4a36-b63a-88c184fa6b76,11,5,1,0
180,4fbddeb6-3675-4a9a-91c0-24a77fe7dabf,13,1,1,0
180,77f2b801-c6ac-4ae9-81c9-4d43fd679b7f,0,4,1,0
180,2302f02c-c357-4d8f-9300-7d044f16ae30,24,1,1,0
180,6fb7f9a5-0d81-4b4a-ab14-8d6072a85b95,13,2,1,0
180,8bbfa3c3-8f11-43ea-8c70-96f82fa4cda6,0,4,1,0
180,f5726084-fac8-4a36-b63a-88c184fa6b76,11,5,1,0
181,4fbddeb6-3675-4a9a-91c0-24a77fe7dabf,13,1,1,0
181,77f2b801-c6ac-4ae9-81c9-4d43fd679b7f,0,4,1,0
181,2302f02c-c357-4d8f-9300-7d044f16ae30,24,1,1,0
181,6fb7f9a5-0d81-4b4a-ab14-8d6072a85b95,13,2,1,0
181,8bbfa3c3-8f11-43ea-8c70-96f82fa4cda6,0,4,1,0
181,f5726084-fac8-4a36-b63a-88c184fa6b76,11,5,1,0
182,4fbddeb6-3675-4a9a-91c0-24a77fe7dabf,13,1,1,0
182,77f2b801-c6ac-4ae9-81c9-4d43fd679b7f,0,4,1,0
182,2302f02c-c357-4d8f-9300-7d044f16ae30,24,1,1,0
182,6fb7f9a5-0d81-4b4a-ab14-8d6072a85b95,13,2,1,0
182,8bbfa3c3-8f11-43ea-8c70-96f82fa4cda6,0,4,1,0
182,f5726084-fac8-4a36-b63a-88c184fa6b76,11,5,1,0
183,4fbddeb6-3675-4a9a-91c0-24a77fe7dabf,13,1,1,0
183,77f2b801-c6ac-4ae9-81c9-4d43fd679b7f,0,4,1,0
183,2302f02c-c357-4d8f-9300-7d044f16ae30,24,1,1,0
183,6fb7f9a5-0d81-4b4a-ab14-8d6072a85b95,13,2,1,0
183,8bbfa3c3-8f11-43ea-8c70-96f82fa4cda6,0,4,1,0
183,f5726084-fac8-4a36-b63a-88c184fa6b76,11,5,1,0
184,4fbddeb6-3675-4a9a-91c0-24a77fe7dabf,13,1,1,0
184,77f2b801-c6ac-4ae9-81c9-4d43fd679b7f,0,4,1,0
184,2302f02c-c357-4d8f-9300-7d044f16ae30,24,1,1,0
184,6fb7f9a5-0d81-4b4a-ab14-8d6072a85b95,13,2,1,0
184,8bbfa3c3-8f11-43ea-8c70-96f82fa4cda6,0,4,1,0
184,f5726084-fac8-4a36-b63a-88c184fa6b76,11,5,1,0
185,4fbddeb6-3675-4a9a-91c0-24a77fe7dabf,13,1,1,0
185,77f2b801-c6ac-4ae9-81c9-4d43fd679b7f,0,4,1,0
185,2302f02c-c357-4d8f-9300-7d044f16ae30,24,1,1,0
185,6fb7f9a5-0d81-4b4a-ab14-8d6072a85b95,13,2,1,0
185,8bbfa3c3-8f11-43ea-8c70-96f82fa4cda6,0,4,1,0
185,f5726084-fac8-4a36-b63a-88c184fa6b76,11,5,1,0
186,4fbddeb6-3675-4a9a-91c0-24a77fe7dabf,13,1,1,0
186,77f2b801-c6ac-4ae9-81c9-4d43fd679b7f,0,4,1,0
186,2302f02c-c357-4d8f-9300-7d044f16ae30,24,1,1,0
186,6fb7f9a5-0d81-4b4a-ab14-8d6072a85b95,13,2,1,0
186,8bbfa3c3-8f11-43ea-8c70-96f82fa4cda6,0,4,1,0
186,f5726084-fac8-4a36-b63a-88c184fa6b76,11,5,1,0
187,4fbddeb6-3675-4a9a-91c0-24a77fe7dabf,13,1,1,0
187,77f2b801-c6ac-4ae9-81c9-4d43fd679b7f,0,4,1,0
187,2302f02c-c357-4d8f-9300-7d044f16ae30,24,1,1,0
187,6fb7f9a5-0d81-4b4a-ab14-8d6072a85b95,13,2,1,0
187,8bbfa3c3-8f11-43ea-8c70-96f82fa4cda6,0,4,1,0
187,f5726084-fac8-4a36-b63a-88c184fa6b76,11,5,1,0
188,4fbddeb6-3675-4a9a-91c0-24a77fe7dabf,13,1,1,0
188,77f2b801-c6ac-4ae9-81c9-4d43fd679b7f,0,4,1,0
188,2302f02c-c357-4d8f-9300-7d044f16ae30,24,1,1,0
188,6fb7f9a5-0d81-4b4a-ab14-8d6072a85b95,13,2,1,0
188,8bbfa3c3-8f11-43ea-8c70-96f82fa4cda6,0,4,1,0
188,f5726084-fac8-4a36-b63a-88c184fa6b76,11,5,1,0
189,4fbddeb6-3675-4a9a-91c0-24a77fe7dabf,13,1,1,0
189,77f2b801-c6ac-4ae9-81c9-4d43fd679b7f,0,4,1,0
189,2302f02c-c357-4d8f-9300-7d044f16ae30,24,1,1,0
189,6fb7f9a5-0d81-4b4a-ab14-8d6072a85b95,13,2,1,0
189,8bbfa3c3-8f11-43ea-8c70-96f82fa4cda6,0,4,1,0
189,f5726084-fac8-4a36-b63a-88c184fa6b76,11,5,1,0
190,4fbddeb6-3675-4a9a-91c0-24a77fe7dabf,13,1,1,0
190,77f2b801-c6ac-4ae9-81c9-4d43fd679b7f,0,4,1,0
190,2302f02c-c357-4d8f-9300-7d044f16ae30,24,1,1,0
190,6fb7f9a5-0d81-4b4a-ab14-8d6072a85b95,13,2,1,0
190,8bbfa3c3-8f11-43ea-8c70-96f82fa4cda6,0,4,1,0
190,f5726084-fac8-4a36-b63a-88c184fa6b76,11,5,1,0
191,4fbddeb6-3675-4a9a-91c0-24a77fe7dabf,13,1,1,0
191,77f2b801-c6ac-4ae9-81c9-4d43fd679b7f,0,4,1,0
191,2302f02c-c357-4d8f-9300-7d044f16ae30,24,1,1,0
191,6fb7f9a5-0d81-4b4a-ab14-8d6072a85b95,13,2,1,0
191,8bbfa3c3-8f11-43ea-8c70-96f82fa4cda6,0,4,1,0
191,f5726084-fac8-4a36-b63a-88c184fa6b76,11,5,1,0
192,4fbddeb6-3675-4a9a-91c0-24a77fe7dabf,13,1,1,0
192,77f2b801-c6ac-4ae9-81c9-4d43fd679b7f,0,4,1,0
192,2302f02c-c357-4d8f-9300-7d044f16ae30,24,1,1,0
192,6fb7f9a5-0d81-4b4a-ab14-8d6072a85b95,13,2,1,0
192,8bbfa3c3-8f11-43ea-8c70-96f82fa4cda6,0,4,1,0
192,f5726084-fac8-4a36-b63a-88c184fa6b76,11,5,1,0
193,4fbddeb6-3675-4a9a-91c0-24a77fe7dabf,13,1,1,0
193,77f2b801-c6ac-4ae9-81c9-4d43fd679b7f,0,4,1,0
193,2302f02c-c357-4d8f-9300-7d044f16ae30,24,1,1,0
193,6fb7f9a5-0d81-4b4a-ab14-8d6072a85b95,13,2,1,0
193,8bbfa3c3-8f11-43ea-8c70-96f82fa4cda6,0,4,1,0
193,f5726084-fac8-4a36-b63a-88c184fa6b76,11,5,1,0
194,4fbddeb6-3675-4a9a-91c0-24a77fe7dabf,13,1,1,0
194,77f2b801-c6ac-4ae9-81c9-4d43fd679b7f,0,4,1,0
194,2302f02c-c357-4d8f-9300-7d044f16ae30,24,1,1,0
194,6fb7f9a5-0d81-4b4a-ab14-8d6072a85b95,13,2,1,0
194,8bbfa3c3-8f11-43ea-8c70-96f82fa4cda6,0,4,1,0
194,f5726084-fac8-4a36-b63a-88c184fa6b76,11,5,1,0
195,4fbddeb6-3675-4a9a-91c0-24a77fe7dabf,13,1,1,0
195,77f2b801-c6ac-4ae9-81c9-4d43fd679b7f,0,4,1,0
195,2302f02c-c357-4d8f-9300-7d044f16ae30,24,1,1,0
195,6fb7f9a5-0d81-4b4a-ab14-8d6072a85b95,13,2,1,0
195,8bbfa3c3-8f11-43ea-8c70-96f82fa4cda6,0,4,1,0
195,f5726084-fac8-4a36-b63a-88c184fa6b76,11,5,1,0
196,4fbddeb6-3675-4a9a-91c0-24a77fe7dabf,13,1,1,0
196,77f2b801-c6ac-4ae9-81c9-4d43fd679b7f,0,4,1,0
196,2302f02c-c357-4d8f-9300-7d044f16ae30,24,1,1,0
196,6fb7f9a5-0d81-4b4a-ab14-8d6072a85b95,13,2,1,0
196,8bbfa3c3-8f11-43ea-8c70-96f82fa4cda6,0,4,1,0
196,f5726084-fac8-4a36-b63a-88c184fa6b76,11,5,1,0
197,4fbddeb6-3675-4a9a-91c0-24a77fe7dabf,13,1,1,0
197,77f2b801-c6ac-4ae9-81c9-4d43fd679b7f,0,4,1,0
197,2302f02c-c357-4d8f-9300-7d044f16ae30,24,1,1,0
197,6fb7f9a5-0d81-4b4a-ab14-8d6072a85b95,13,2,1,0
197,8bbfa3c3-8f11-43ea-8c70-96f82fa4cda6,0,4,1,0
197,f5726084-fac8-4a36-b63a-88c184fa6b76,11,5,1,0
198,4fbddeb6-3675-4a9a-91c0-24a77fe7dabf,13,1,1,0
198,77f2b801-c6ac-4ae9-81c9-4d43fd679b7f,0,4,1,0
198,2302f02c-c357-4d8f-9300-7d044f16ae30,24,1,1,0
198,6fb7f9a5-0d81-4b4a-ab14-8d6072a85b95,13,2,1,0
198,8bbfa3c3-8f11-43ea-8c70-96f82fa4cda6,0,4,1,0
198,f5726084-fac8-4a36-b63a-88c184fa6b76,11,5,1,0
199,4fbddeb6-3675-4a9a-91c0-24a77fe7dabf,13,1,1,0
199,77f2b801-c6ac-4ae9-81c9-4d43fd679b7f,0,4,1,0
199,2302f02c-c357-4d8f-9300-7d044f16ae30,24,1,1,0
199,6fb7f9a5-0d81-4b4a-ab14-8d6072a85b95,13,2,1,0
199,8bbfa3c3-8f11-43ea-8c70-96f82fa4cda6,0,4,1,0
199,f5726084-fac8-4a36-b63a-88c184fa6b76,11,5,1,0
200,4fbddeb6-3675-4a9a-91c0-24a77fe7dabf,13,1,1,0
200,77f2b801-c6ac-4ae9-81c9-4d43fd679b7f,0,4,1,0
200,2302f02c-c357-4d8f-9300-7d044f16ae30,24,1,1,0
200,6fb7f9a5-0d81-4b4a-ab14-8d6072a85b95,13,2,1,0
200,8bbfa3c3-8f11-43ea-8c70-96f82fa4cda6,0,4,1,0
200,f5726084-fac8-4a36-b63a-88c184fa6b76,11,5,1,0
201,4fbddeb6-3675-4a9a-91c0-24a77fe7dabf,13,1,1,0
201,77f2b801-c6ac-4ae9-81c9-4d43fd679b7f,0,4,1,0
201,2302f02c-c357-4d8f-9300-7d044f16ae30,24,1,1,0
201,6fb7f9a5-0d81-4b4a-ab14-8d6072a85b95,13,2,1,0
201,8bbfa3c3-8f11-43ea-8c70-96f82fa4cda6,0,4,1,0
201,f5726084-fac8-4a36-b63a-88c184fa6b76,11,5,1,0
202,4fbddeb6-3675-4a9a-91c0-24a77fe7dabf,13,1,1,0
202,77f2b801-c6ac-4ae9-81c9-4d43fd679b7f,0,4,1,0
202,2302f02c-c357-4d8f-9300-7d044f16ae30,24,1,1,0
202,6fb7f9a5-0d81-4b4a-ab14-8d6072a85b95,13,2,1,0
202,8bbfa3c3-8f11-43ea-8c70-96f82fa4cda6,0,4,1,0
202,f5726084-fac8-4a36-b63a-88c184fa6b76,11,5,1,0
203,4fbddeb6-3675-4a9a-91c0-24a77fe7dabf,13,1,1,0
203,77f2b801-c6ac-4ae9-81c9-4d43fd679b7f,0,4,1,0
203,2302f02c-c357-4d8f-9300-7d044f16ae30,24,1,1,0
203,6fb7f9a5-0d81-4b4a-ab14-8d6072a85b95,13,2,1,0
203,8bbfa3c3-8f11-43ea-8c70-96f82fa4cda6,0,4,1,0
203,f5726084-fac8-4a36-b63a-88c184fa6b76,11,5,1,0
204,4fbddeb6-3675-4a9a-91c0-24a77fe7dabf,13,1,1,0
204,77f2b801-c6ac-4ae9-81c9-4d43fd679b7f,0,4,1,0
204,2302f02c-c357-4d8f-9300-7d044f16ae30,24,1,1,0
204,6fb7f9a5-0d81-4b4a-ab14-8d6072a85b95,13,2,1,0
204,8bbfa3c3-8f11-43ea-8c70-96f82fa4cda6,0,4,1,0
204,f5726084-fac8-4a36-b63a-88c184fa6b76,11,5,1,0
205,4fbddeb6-3675-4a9a-91c0-24a77fe7dabf,13,1,1,0
205,77f2b801-c6ac-4ae9-81c9-4d43fd679b7f,0,4,1,0
205,2302f02c-c357-4d8f-9300-7d044f16ae30,24,1,1,0
205,6fb7f9a5-0d81-4b4a-ab14-8d6072a85b95,13,2,1,0
205,8bbfa3c3-8f11-43ea-8c70-96f82fa4cda6,0,4,1,0
205,f5726084-fac8-4a36-b63a-88c184fa6b76,11,5,1,0
206,4fbddeb6-3675-4a9a-91c0-24a77fe7dabf,13,1,1,0
206,77f2b801-c6ac-4ae9-81c9-4d43fd679b7f,0,4,1,0
206,2302f02c-c357-4d8f-9300-7d044f16ae30,24,1,1,0
206,6fb7f9a5-0d81-4b4a-ab14-8d6072a85b95,13,2,1,0
206,8bbfa3c3-8f11-43ea-8c70-96f82fa4cda6,0,4,1,0
206,f5726084-fac8-4a36-b63a-88c184fa6b76,11,5,1,0
207,4fbddeb6-3675-4a9a-91c0-24a77fe7dabf,13,1,1,0
207,77f2b801-c6ac-4ae9-81c9-4d43fd679b7f,0,4,1,0
207,2302f02c-c357-4d8f-9300-7d044f16ae30,24,1,1,0
207,6fb7f9a5-0d81-4b4a-ab14-8d6072a85b95,13,2,1,0
207,8bbfa3c3-8f11-43ea-8c70-96f82fa4cda6,0,4,1,0
207,f5726084-fac8-4a36-b63a-88c184fa6b76,11,5,1,0
208,4fbddeb6-3675-4a9a-91c0-24a77fe7dabf,13,1,1,0
208,77f2b801-c6ac-4ae9-81c9-4d43fd679b7f,0,4,1,0
208,2302f02c-c357-4d8f-9300-7d044f16ae30,24,1,1,0
208,6fb7f9a5-0d81-4b4a-ab14-8d6072a85b95,13,2,1,0
208,8bbfa3c3-8f11-43ea-8c70-96f82fa4cda6,0,4,1,0
208,f5726084-fac8-4a36-b63a-88c184fa6b76,11,5,1,0
209,4fbddeb6-3675-4a9a-91c0-24a77fe7dabf,13,1,1,0
209,77f2b801-c6ac-4ae9-81c9-4d43fd679b7f,0,4,1,0
209,2302f02c-c357-4d8f-9300-7d044f16ae30,24,1,1,0
209,6fb7f9a5-0d81-4b4a-ab14-8d6072a85b95,13,2,1,0
209,8bbfa3c3-8f11-43ea-8c70-96f82fa4cda6,0,4,1,0
209,f5726084-fac8-4a36-b63a-88c184fa6b76,11,5,1,0
210,4fbddeb6-3675-4a9a-91c0-24a77fe7dabf,13,1,1,0
210,77f2b801-c6ac-4ae9-81c9-4d43fd679b7f,0,4,1,0
210,2302f02c-c357-4d8f-9300-7d044f16ae30,24,1,1,0
210,6fb7f9a5-0d81-4b4a-ab14-8d6072a85b95,13,2,1,0
210,8bbfa3c3-8f11-43ea-8c70-96f82fa4cda6,0,4,1,0
210,f5726084-fac8-4a36-b63a-88c184fa6b76,11,5,1,0
211,4fbddeb6-3675-4a9a-91c0-24a77fe7dabf,13,1,1,0
211,77f2b801-c6ac-4ae9-81c9-4d43fd679b7f,0,4,1,0
211,2302f02c-c357-4d8f-9300-7d044f16ae30,24,1,1,0
211,6fb7f9a5-0d81-4b4a-ab14-8d6072a85b95,13,2,1,0
211,8bbfa3c3-8f11-43ea-8c70-96f82fa4cda6,0,4,1,0
211,f5726084-fac8-4a36-b63a-88c184fa6b76,11,5,1,0
212,4fbddeb6-3675-4a9a-91c0-24a77fe7dabf,13,1,1,0
212,77f2b801-c6ac-4ae9-81c9-4d43fd679b7f,0,4,1,0
212,2302f02c-c357-4d8f-9300-7d044f16ae30,24,1,1,0
212,6fb7f9a5-0d81-4b4a-ab14-8d6072a85b95,13,2,1,0
212,8bbfa3c3-8f11-43ea-8c70-96f82fa4cda6,0,4,1,0
212,f5726084-fac8-4a36-b63a-88c184fa6b76,11,5,1,0
213,4fbddeb6-3675-4a9a-91c0-24a77fe7dabf,13,1,1,0
213,77f2b801-c6ac-4ae9-81c9-4d43fd679b7f,0,4,1,0
213,2302f02c-c357-4d8f-9300-7d044f16ae30,24,1,1,0
213,6fb7f9a5-0d81-4b4a-ab14-8d6072a85b95,13,2,1,0
213,8bbfa3c3-8f11-43ea-8c70-96f82fa4cda6,0,4,1,0
213,f5726084-fac8-4a36-b63a-88c184fa6b76,11,5,1,0
214,4fbddeb6-3675-4a9a-91c0-24a77fe7dabf,13,1,1,0
214,77f2b801-c6ac-4ae9-81c9-4d43fd679b7f,0,4,1,0
214,2302f02c-c357-4d8f-9300-7d044f16ae30,24,1,1,0
214,6fb7f9a5-0d81-4b4a-ab14-8d6072a85b95,13,2,1,0
214,8bbfa3c3-8f11-43ea-8c70-96f82fa4cda6,0,4,1,0
214,f5726084-fac8-4a36-b63a-88c184fa6b76,11,5,1,0
215,4fbddeb6-3675-4a9a-91c0-24a77fe7dabf,13,1,1,0
215,77f2b801-c6ac-4ae9-81c9-4d43fd679b7f,0,4,1,0
215,2302f02c-c357-4d8f-9300-7d044f16ae30,24,1,1,0
215,6fb7f9a5-0d81-4b4a-ab14-8d6072a85b95,13,2,1,0
215,8bbfa3c3-8f11-43ea-8c70-96f82fa4cda6,0,4,1,0
215,f5726084-fac8-4a36-b63a-88c184fa6b76,11,5,1,0
216,4fbddeb6-3675-4a9a-91c0-24a77fe7dabf,13,1,1,0
216,77f2b801-c6ac-4ae9-81c9-4d43fd679b7f,0,4,1,0
216,2302f02c-c357-4d8f-9300-7d044f16ae30,24,1,1,0
216,6fb7f9a5-0d81-4b4a-ab14-8d6072a85b95,13,2,1,0
216,8bbfa3c3-8f11-43ea-8c70-96f82fa4cda6,0,4,1,0
216,f5726084-fac8-4a36-b63a-88c184fa6b76,11,5,1,0
217,4fbddeb6-3675-4a9a-91c0-24a77fe7dabf,13,1,1,0
217,77f2b801-c6ac-4ae9-81c9-4d43fd679b7f,0,4,1,0
217,2302f02c-c357-4d8f-9300-7d044f16ae30,24,1,1,0
217,6fb7f9a5-0d81-4b4a-ab14-8d6072a85b95,13,2,1,0
217,8bbfa3c3-8f11-43ea-8c70-96f82fa4cda6,0,4,1,0
217,f5726084-fac8-4a36-b63a-88c184fa6b76,11,5,1,0
218,4fbddeb6-3675-4a9a-91c0-24a77fe7dabf,13,1,1,0
218,77f2b801-c6ac-4ae9-81c9-4d43fd679b7f,0,4,1,0
218,2302f02c-c357-4d8f-9300-7d044f16ae30,24,1,1,0
218,6fb7f9a5-0d81-4b4a-ab14-8d6072a85b95,13,2,1,0
218,8bbfa3c3-8f11-43ea-8c70-96f82fa4cda6,0,4,1,0
218,f5726084-fac8-4a36-b63a-88c184fa6b76,11,5,1,0
219,4fbddeb6-3675-4a9a-91c0-24a77fe7dabf,13,1,1,0
219,77f2b801-c6ac-4ae9-81c9-4d43fd679b7f,0,4,1,0
219,2302f02c-c357-4d8f-9300-7d044f16ae30,24,1,1,0
219,6fb7f9a5-0d81-4b4a-ab14-8d6072a85b95,13,2,1,0
219,8bbfa3c3-8f11-43ea-8c70-96f82fa4cda6,0,4,1,0
219,f5726084-fac8-4a36-b63a-88c184fa6b76,11,5,1,0
220,4fbddeb6-3675-4a9a-91c0-24a77fe7dabf,13,1,1,0
220,77f2b801-c6ac-4ae9-81c9-4d43fd679b7f,0,4,1,0
220,2302f02c-c357-4d8f-9300-7d044f16ae30,24,1,1,0
220,6fb7f9a5-0d81-4b4a-ab14-8d6072a85b95,13,2,1,0
220,8bbfa3c3-8f11-43ea-8c70-96f82fa4cda6,0,4,1,0
220,f5726084-fac8-4a36-b63a-88c184fa6b76,11,5,1,0
221,4fbddeb6-3675-4a9a-91c0-24a77fe7dabf,13,1,1,0
221,77f2b801-c6ac-4ae9-81c9-4d43fd679b7f,0,4,1,0
221,2302f02c-c357-4d8f-9300-7d044f16ae30,24,1,1,0
221,6fb7f9a5-0d81-4b4a-ab14-8d6072a85b95,13,2,1,0
221,8bbfa3c3-8f11-43ea-8c70-96f82fa4cda6,0,4,1,0
221,f5726084-fac8-4a36-b63a-88c184fa6b76,11,5,1,0
222,4fbddeb6-3675-4a9a-91c0-24a77fe7dabf,13,1,1,0
222,77f2b801-c6ac-4ae9-81c9-4d43fd679b7f,0,4,1,0
222,2302f02c-c357-4d8f-9300-7d044f16ae30,24,1,1,0
222,6fb7f9a5-0d81-4b4a-ab14-8d6072a85b95,13,2,1,0
222,8bbfa3c3-8f11-43ea-8c70-96f82fa4cda6,0,4,1,0
222,f5726084-fac8-4a36-b63a-88c184fa6b76,11,5,1,0
223,4fbddeb6-3675-4a9a-91c0-24a77fe7dabf,13,1,1,0
223,77f2b801-c6ac-4ae9-81c9-4d43fd679b7f,0,4,1,0
223,2302f02c-c357-4d8f-9300-7d044f16ae30,24,1,1,0
223,6fb7f9a5-0d81-4b4a-ab14-8d6072a85b95,13,2,1,0
223,8bbfa3c3-8f11-43ea-8c70-96f82fa4cda6,0,4,1,0
223,f5726084-fac8-4a36-b63a-88c184fa6b76,11,5,1,0
224,4fbddeb6-3675-4a9a-91c0-24a77fe7dabf,13,1,1,0
224,77f2b801-c6ac-4ae9-81c9-4d43fd679b7f,0,4,1,0
224,2302f02c-c357-4d8f-9300-7d044f16ae30,24,1,1,0
224,6fb7f9a5-0d81-4b4a-ab14-8d6072a85b95,13,2,1,0
224,8bbfa3c3-8f11-43ea-8c70-96f82fa4cda6,0,4,1,0
224,f5726084-fac8-4a36-b63a-88c184fa6b76,11,5,1,0
225,4fbddeb6-3675-4a9a-91c0-24a77fe7dabf,13,1,1,0
225,77f2b801-c6ac-4ae9-81c9-4d43fd679b7f,0,4,1,0
225,2302f02c-c357-4d8f-9300-7d044f16ae30,24,1,1,0
225,6fb7f9a5-0d81-4b4a-ab14-8d6072a85b95,13,2,1,0
225,8bbfa3c3-8f11-43ea-8c70-96f82fa4cda6,0,4,1,0
225,f5726084-fac8-4a36-b63a-88c184fa6b76,11,5,1,0
226,4fbddeb6-3675-4a9a-91c0-24a77fe7dabf,13,1,1,0
226,77f2b801-c6ac-4ae9-81c9-4d43fd679b7f,0,4,1,0
226,2302f02c-c357-4d8f-9300-7d044f16ae30,24,1,1,0
226,6fb7f9a5-0d81-4b4a-ab14-8d6072a85b95,13,2,1,0
226,8bbfa3c3-8f11-43ea-8c70-96f82fa4cda6,0,4,1,0
226,f5726084-fac8-4a36-b63a-88c184fa6b76,11,5,1,0
227,4fbddeb6-3675-4a9a-91c0-24a77fe7dabf,13,1,1,0
227,77f2b801-c6ac-4ae9-81c9-4d43fd679b7f,0,4,1,0
227,2302f02c-c357-4d8f-9300-7d044f16ae30,24,1,1,0
227,6fb7f9a5-0d81-4b4a-ab14-8d6072a85b95,13,2,1,0
227,8bbfa3c3-8f11-43ea-8c70-96f82fa4cda6,0,4,1,0
227,f5726084-fac8-4a36-b63a-88c184fa6b76,11,5,1,0
228,4fbddeb6-3675-4a9a-91c0-24a77fe7dabf,13,1,1,0
228,77f2b801-c6ac-4ae9-81c9-4d43fd679b7f,0,4,1,0
228,2302f02c-c357-4d8f-9300-7d044f16ae30,24,1,1,0
228,6fb7f9a5-0d81-4b4a-ab14-8d6072a85b95,13,2,1,0
228,8bbfa3c3-8f11-43ea-8c70-96f82fa4cda6,0,4,1,0
228,f5726084-fac8-4a36-b63a-88c184fa6b76,11,5,1,0
229,4fbddeb6-3675-4a9a-91c0-24a77fe7dabf,13,1,1,0
229,77f2b801-c6ac-4ae9-81c9-4d43fd679b7f,0,4,1,0
229,2302f02c-c357-4d8f-9300-7d044f16ae30,24,1,1,0
229,6fb7f9a5-0d81-4b4a-ab14-8d6072a85b95,13,2,1,0
229,8bbfa3c3-8f11-43ea-8c70-96f82fa4cda6,0,4,1,0
229,f5726084-fac8-4a36-b63a-88c184fa6b76,11,5,1,0
230,4fbddeb6-3675-4a9a-91c0-24a77fe7dabf,13,1,1,0
230,77f2b801-c6ac-4ae9-81c9-4d43fd679b7f,0,4,1,0
230,2302f02c-c357-4d8f-9300-7d044f16ae30,24,1,1,0
230,6fb7f9a5-0d81-4b4a-ab14-8d6072a85b95,13,2,1,0
230,8bbfa3c3-8f11-43ea-8c70-96f82fa4cda6,0,4,1,0
230,f5726084-fac8-4a36-b63a-88c184fa6b76,11,5,1,0
231,4fbddeb6-3675-4a9a-91c0-24a77fe7dabf,13,1,1,0
231,77f2b801-c6ac-4ae9-81c9-4d43fd679b7f,0,4,1,0
231,2302f02c-c357-4d8f-9300-7d044f16ae30,24,1,1,0
231,6fb7f9a5-0d81-4b4a-ab14-8d6072a85b95,13,2,1,0
231,8bbfa3c3-8f11-43ea-8c70-96f82fa4cda6,0,4,1,0
231,f5726084-fac8-4a36-b63a-88c184fa6b76,11,5,1,0
232,4fbddeb6-3675-4a9a-91c0-24a77fe7dabf,13,1,1,0
232,77f2b801-c6ac-4ae9-81c9-4d43fd679b7f,0,4,1,0
232,2302f02c-c357-4d8f-9300-7d044f16ae30,24,1,1,0
232,6fb7f9a5-0d81-4b4a-ab14-8d6072a85b95,13,2,1,0
232,8bbfa3c3-8f11-43ea-8c70-96f82fa4cda6,0,4,1,0
232,f5726084-fac8-4a36-b63a-88c184fa6b76,11,5,1,0
233,4fbddeb6-3675-4a9a-91c0-24a77fe7dabf,13,1,1,0
233,77f2b801-c6ac-4ae9-81c9-4d43fd679b7f,0,4,1,0
233,2302f02c-c357-4d8f-9300-7d044f16ae30,24,1,1,0
233,6fb7f9a5-0d81-4b4a-ab14-8d6072a85b95,13,2,1,0
233,8bbfa3c3-8f11-43ea-8c70-96f82fa4cda6,0,4,1,0
233,f5726084-fac8-4a36-b63a-88c184fa6b76,11,5,1,0
234,4fbddeb6-3675-4a9a-91c0-24a77fe7dabf,13,1,1,0
234,77f2b801-c6ac-4ae9-81c9-4d43fd679b7f,0,4,1,0
234,2302f02c-c357-4d8f-9300-7d044f16ae30,24,1,1,0
234,6fb7f9a5-0d81-4b4a-ab14-8d6072a85b95,13,2,1,0
234,8bbfa3c3-8f11-43ea-8c70-96f82fa4cda6,0,4,1,0
234,f5726084-fac8-4a36-b63a-88c184fa6b76,11,5,1,0
235,4fbddeb6-3675-4a9a-91c0-24a77fe7dabf,13,1,1,0
235,77f2b801-c6ac-4ae9-81c9-4d43fd679b7f,0,4,1,0
235,2302f02c-c357-4d8f-9300-7d044f16ae30,24,1,1,0
235,6fb7f9a5-0d81-4b4a-ab14-8d6072a85b95,13,2,1,0
235,8bbfa3c3-8f11-43ea-8c70-96f82fa4cda6,0,4,1,0
235,f5726084-fac8-4a36-b63a-88c184fa6b76,11,5,1,0
236,4fbddeb6-3675-4a9a-91c0-24a77fe7dabf,13,1,1,0
236,77f2b801-c6ac-4ae9-81c9-4d43fd679b7f,0,4,1,0
236,2302f02c-c357-4d8f-9300-7d044f16ae30,24,1,1,0
236,6fb7f9a5-0d81-4b4a-ab14-8d6072a85b95,13,2,1,0
236,8bbfa3c3-8f11-43ea-8c70-96f82fa4cda6,0,4,1,0
236,f5726084-fac8-4a36-b63a-88c184fa6b76,11,5,1,0
237,4fbddeb6-3675-4a9a-91c0-24a77fe7dabf,13,1,1,0
237,77f2b801-c6ac-4ae9-81c9-4d43fd679b7f,0,4,1,0
237,2302f02c-c357-4d8f-9300-7d044f16ae30,24,1,1,0
237,6fb7f9a5-0d81-4b4a-ab14-8d6072a85b95,13,2,1,0
237,8bbfa3c3-8f11-43ea-8c70-96f82fa4cda6,0,4,1,0
237,f5726084-fac8-4a36-b63a-88c184fa6b76,11,5,1,0
238,4fbddeb6-3675-4a9a-91c0-24a77fe7dabf,13,1,1,0
238,77f2b801-c6ac-4ae9-81c9-4d43fd679b7f,0,4,1,0
238,2302f02c-c357-4d8f-9300-7d044f16ae30,24,1,1,0
238,6fb7f9a5-0d81-4b4a-ab14-8d6072a85b95,13,2,1,0
238,8bbfa3c3-8f11-43ea-8c70-96f82fa4cda6,0,4,1,0
238,f5726084-fac8-4a36-b63a-88c184fa6b76,11,5,1,0
239,4fbddeb6-3675-4a9a-91c0-24a77fe7dabf,13,1,1,0
239,77f2b801-c6ac-4ae9-81c9-4d43fd679b7f,0,4,1,0
239,2302f02c-c357-4d8f-9300-7d044f16ae30,24,1,1,0
239,6fb7f9a5-0d81-4b4a-ab14-8d6072a85b95,13,2,1,0
239,8bbfa3c3-8f11-43ea-8c70-96f82fa4cda6,0,4,1,0
239,f5726084-fac8-4a36-b63a-88c184fa6b76,11,5,1,0
240,4fbddeb6-3675-4a9a-91c0-24a77fe7dabf,13,1,1,0
240,77f2b801-c6ac-4ae9-81c9-4d43fd679b7f,0,4,1,0
240,2302f02c-c357-4d8f-9300-7d044f16ae30,24,1,1,0
240,6fb7f9a5-0d81-4b4a-ab14-8d6072a85b95,13,2,1,0
240,8bbfa3c3-8f11-43ea-8c70-96f82fa4cda6,0,4,1,0
240,f5726084-fac8-4a36-b63a-88c184fa6b76,11,5,1,0
241,4fbddeb6-3675-4a9a-91c0-24a77fe7dabf,13,1,1,0
241,77f2b801-c6ac-4ae9-81c9-4d43fd679b7f,0,4,1,0
241,2302f02c-c357-4d8f-9300-7d044f16ae30,24,1,1,0
241,6fb7f9a5-0d81-4b4a-ab14-8d6072a85b95,13,2,1,0
241,8bbfa3c3-8f11-43ea-8c70-96f82fa4cda6,0,4,1,0
241,f5726084-fac8-4a36-b63a-88c184fa6b76,11,5,1,0
242,4fbddeb6-3675-4a9a-91c0-24a77fe7dabf,13,1,1,0
242,77f2b801-c6ac-4ae9-81c9-4d43fd679b7f,0,4,1,0
242,2302f02c-c357-4d8f-9300-7d044f16ae30,24,1,1,0
242,6fb7f9a5-0d81-4b4a-ab14-8d6072a85b95,13,2,1,0
242,8bbfa3c3-8f11-43ea-8c70-96f82fa4cda6,0,4,1,0
242,f5726084-fac8-4a36-b63a-88c184fa6b76,11,5,1,0
243,4fbddeb6-3675-4a9a-91c0-24a77fe7dabf,13,1,1,0
243,77f2b801-c6ac-4ae9-81c9-4d43fd679b7f,0,4,1,0
243,2302f02c-c357-4d8f-9300-7d044f16ae30,24,1,1,0
243,6fb7f9a5-0d81-4b4a-ab14-8d6072a85b95,13,2,1,0
243,8bbfa3c3-8f11-43ea-8c70-96f82fa4cda6,0,4,1,0
243,f5726084-fac8-4a36-b63a-88c184fa6b76,11,5,1,0
244,4fbddeb6-3675-4a9a-91c0-24a77fe7dabf,13,1,1,0
244,77f2b801-c6ac-4ae9-81c9-4d43fd679b7f,0,4,1,0
244,2302f02c-c357-4d8f-9300-7d044f16ae30,24,1,1,0
244,6fb7f9a5-0d81-4b4a-ab14-8d6072a85b95,13,2,1,0
244,8bbfa3c3-8f11-43ea-8c70-96f82fa4cda6,0,4,1,0
244,f5726084-fac8-4a36-b63a-88c184fa6b76,11,5,1,0
245,4fbddeb6-3675-4a9a-91c0-24a77fe7dabf,13,1,1,0
245,77f2b801-c6ac-4ae9-81c9-4d43fd679b7f,0,4,1,0
245,2302f02c-c357-4d8f-9300-7d044f16ae30,24,1,1,0
245,6fb7f9a5-0d81-4b4a-ab14-8d6072a85b95,13,2,1,0
245,8bbfa3c3-8f11-43ea-8c70-96f82fa4cda6,0,4,1,0
245,f5726084-fac8-4a36-b63a-88c184fa6b76,11,5,1,0
246,4fbddeb6-3675-4a9a-91c0-24a77fe7dabf,13,1,1,0
246,77f2b801-c6ac-4ae9-81c9-4d43fd679b7f,0,4,1,0
246,2302f02c-c357-4d8f-9300-7d044f16ae30,24,1,1,0
246,6fb7f9a5-0d81-4b4a-ab14-8d6072a85b95,13,2,1,0
246,8bbfa3c3-8f11-43ea-8c70-96f82fa4cda6,0,4,1,0
246,f5726084-fac8-4a36-b63a-88c184fa6b76,11,5,1,0
247,4fbddeb6-3675-4a9a-91c0-24a77fe7dabf,13,1,1,0
247,77f2b801-c6ac-4ae9-81c9-4d43fd679b7f,0,4,1,0
247,2302f02c-c357-4d8f-9300-7d044f16ae30,24,1,1,0
247,6fb7f9a5-0d81-4b4a-ab14-8d6072a85b95,13,2,1,0
247,8bbfa3c3-8f11-43ea-8c70-96f82fa4cda6,0,4,1,0
247,f5726084-fac8-4a36-b63a-88c184fa6b76,11,5,1,0
248,4fbddeb6-3675-4a9a-91c0-24a77fe7dabf,13,1,1,0
248,77f2b801-c6ac-4ae9-81c9-4d43fd679b7f,0,4,1,0
248,2302f02c-c357-4d8f-9300-7d044f16ae30,24,1,1,0
248,6fb7f9a5-0d81-4b4a-ab14-8d6072a85b95,13,2,1,0
248,8bbfa3c3-8f11-43ea-8c70-96f82fa4cda6,0,4,1,0
248,f5726084-fac8-4a36-b63a-88c184fa6b76,11,5,1,0
249,4fbddeb6-3675-4a9a-91c0-24a77fe7dabf,13,1,1,0
249,77f2b801-c6ac-4ae9-81c9-4d43fd679b7f,0,4,1,0
249,2302f02c-c357-4d8f-9300-7d044f16ae30,24,1,1,0
249,6fb7f9a5-0d81-4b4a-ab14-8d6072a85b95,13,2,1,0
249,8bbfa3c3-8f11-43ea-8c70-96f82fa4cda6,0,4,1,0
249,f5726084-fac8-4a36-b63a-88c184fa6b76,11,5,1,0
250,4fbddeb6-3675-4a9a-91c0-24a77fe7dabf,13,1,1,0
250,77f2b801-c6ac-4ae9-81c9-4d43fd679b7f,0,4,1,0
250,2302f02c-c357-4d8f-9300-7d044f16ae30,24,1,1,0
250,6fb7f9a5-0d81-4b4a-ab14-8d6072a85b95,13,2,1,0
250,8bbfa3c3-8f11-43ea-8c70-96f82fa4cda6,0,4,1,0
250,f5726084-fac8-4a36-b63a-88c184fa6b76,11,5,1,0
251,4fbddeb6-3675-4a9a-91c0-24a77fe7dabf,13,1,1,0
251,77f2b801-c6ac-4ae9-81c9-4d43fd679b7f,0,4,1,0
251,2302f02c-c357-4d8f-9300-7d044f16ae30,24,1,1,0
251,6fb7f9a5-0d81-4b4a-ab14-8d6072a85b95,13,2,1,0
251,8bbfa3c3-8f11-43ea-8c70-96f82fa4cda6,0,4,1,0
251,f5726084-fac8-4a36-b63a-88c184fa6b76,11,5,1,0
252,4fbddeb6-3675-4a9a-91c0-24a77fe7dabf,13,1,1,0
252,77f2b801-c6ac-4ae9-81c9-4d43fd679b7f,0,4,1,0
252,2302f02c-c357-4d8f-9300-7d044f16ae30,24,1,1,0
252,6fb7f9a5-0d81-4b4a-ab14-8d6072a85b95,13,2,1,0
252,8bbfa3c3-8f11-43ea-8c70-96f82fa4cda6,0,4,1,0
252,f5726084-fac8-4a36-b63a-88c184fa6b76,11,5,1,0
253,4fbddeb6-3675-4a9a-91c0-24a77fe7dabf,13,1,1,0
253,77f2b801-c6ac-4ae9-81c9-4d43fd679b7f,0,4,1,0
253,2302f02c-c357-4d8f-9300-7d044f16ae30,24,1,1,0
253,6fb7f9a5-0d81-4b4a-ab14-8d6072a85b95,13,2,1,0
253,8bbfa3c3-8f11-43ea-8c70-96f82fa4cda6,0,4,1,0
253,f5726084-fac8-4a36-b63a-88c184fa6b76,11,5,1,0
254,4fbddeb6-3675-4a9a-91c0-24a77fe7dabf,13,1,1,0
254,77f2b801-c6ac-4ae9-81c9-4d43fd679b7f,0,4,1,0
254,2302f02c-c357-4d8f-9300-7d044f16ae30,24,1,1,0
254,6fb7f9a5-0d81-4b4a-ab14-8d6072a85b95,13,2,1,0
254,8bbfa3c3-8f11-43ea-8c70-96f82fa4cda6,0,4,1,0
254,f5726084-fac8-4a36-b63a-88c184fa6b76,11,5,1,0
255,4fbddeb6-3675-4a9a-91c0-24a77fe7dabf,13,1,1,0
255,77f2b801-c6ac-4ae9-81c9-4d43fd679b7f,0,4,1,0
255,2302f02c-c357-4d8f-9300-7d044f16ae30,24,1,1,0
255,6fb7f9a5-0d81-4b4a-ab14-8d6072a85b95,13,2,1,0
255,8bbfa3c3-8f11-43ea-8c70-96f82fa4cda6,0,4,1,0
255,f5726084-fac8-4a36-b63a-88c184fa6b76,11,5,1,0
256,4fbddeb6-3675-4a9a-91c0-24a77fe7dabf,13,1,1,0
256,77f2b801-c6ac-4ae9-81c9-4d43fd679b7f,0,4,1,0
256,2302f02c-c357-4d8f-9300-7d044f16ae30,24,1,1,0
256,6fb7f9a5-0d81-4b4a-ab14-8d6072a85b95,13,2,1,0
256,8bbfa3c3-8f11-43ea-8c70-96f82fa4cda6,0,4,1,0
256,f5726084-fac8-4a36-b63a-88c184fa6b76,11,5,1,0
257,4fbddeb6-3675-4a9a-91c0-24a77fe7dabf,13,1,1,0
257,77f2b801-c6ac-4ae9-81c9-4d43fd679b7f,0,4,1,0
257,2302f02c-c357-4d8f-9300-7d044f16ae30,24,1,1,0
257,6fb7f9a5-0d81-4b4a-ab14-8d6072a85b95,13,2,1,0
257,8bbfa3c3-8f11-43ea-8c70-96f82fa4cda6,0,4,1,0
257,f5726084-fac8-4a36-b63a-88c184fa6b76,11,5,1,0
258,4fbddeb6-3675-4a9a-91c0-24a77fe7dabf,13,1,1,0
258,77f2b801-c6ac-4ae9-81c9-4d43fd679b7f,0,4,1,0
258,2302f02c-c357-4d8f-9300-7d044f16ae30,24,1,1,0
258,6fb7f9a5-0d81-4b4a-ab14-8d6072a85b95,13,2,1,0
258,8bbfa3c3-8f11-43ea-8c70-96f82fa4cda6,0,4,1,0
258,f5726084-fac8-4a36-b63a-88c184fa6b76,11,5,1,0
259,4fbddeb6-3675-4a9a-91c0-24a77fe7dabf,13,1,1,0
259,77f2b801-c6ac-4ae9-81c9-4d43fd679b7f,0,4,1,0
259,2302f02c-c357-4d8f-9300-7d044f16ae30,24,1,1,0
259,6fb7f9a5-0d81-4b4a-ab14-8d6072a85b95,13,2,1,0
259,8bbfa3c3-8f11-43ea-8c70-96f82fa4cda6,0,4,1,0
259,f5726084-fac8-4a36-b63a-88c184fa6b76,11,5,1,0
260,4fbddeb6-3675-4a9a-91c0-24a77fe7dabf,13,1,1,0
260,77f2b801-c6ac-4ae9-81c9-4d43fd679b7f,0,4,1,0
260,2302f02c-c357-4d8f-9300-7d044f16ae30,24,1,1,0
260,6fb7f9a5-0d81-4b4a-ab14-8d6072a85b95,13,2,1,0
260,8bbfa3c3-8f11-43ea-8c70-96f82fa4cda6,0,4,1,0
260,f5726084-fac8-4a36-b63a-88c184fa6b76,11,5,1,0
261,4fbddeb6-3675-4a9a-91c0-24a77fe7dabf,13,1,1,0
261,77f2b801-c6ac-4ae9-81c9-4d43fd679b7f,0,4,1,0
261,2302f02c-c357-4d8f-9300-7d044f16ae30,24,1,1,0
261,6fb7f9a5-0d81-4b4a-ab14-8d6072a85b95,13,2,1,0
261,8bbfa3c3-8f11-43ea-8c70-96f82fa4cda6,0,4,1,0
261,f5726084-fac8-4a36-b63a-88c184fa6b76,11,5,1,0
262,4fbddeb6-3675-4a9a-91c0-24a77fe7dabf,13,1,1,0
262,77f2b801-c6ac-4ae9-81c9-4d43fd679b7f,0,4,1,0
262,2302f02c-c357-4d8f-9300-7d044f16ae30,24,1,1,0
262,6fb7f9a5-0d81-4b4a-ab14-8d6072a85b95,13,2,1,0
262,8bbfa3c3-8f11-43ea-8c70-96f82fa4cda6,0,4,1,0
262,f5726084-fac8-4a36-b63a-88c184fa6b76,11,5,1,0
263,4fbddeb6-3675-4a9a-91c0-24a77fe7dabf,13,1,1,0
263,77f2b801-c6ac-4ae9-81c9-4d43fd679b7f,0,4,1,0
263,2302f02c-c357-4d8f-9300-7d044f16ae30,24,1,1,0
263,6fb7f9a5-0d81-4b4a-ab14-8d6072a85b95,13,2,1,0
263,8bbfa3c3-8f11-43ea-8c70-96f82fa4cda6,0,4,1,0
263,f5726084-fac8-4a36-b63a-88c184fa6b76,11,5,1,0
264,4fbddeb6-3675-4a9a-91c0-24a77fe7dabf,13,1,1,0
264,77f2b801-c6ac-4ae9-81c9-4d43fd679b7f,0,4,1,0
264,2302f02c-c357-4d8f-9300-7d044f16ae30,24,1,1,0
264,6fb7f9a5-0d81-4b4a-ab14-8d6072a85b95,13,2,1,0
264,8bbfa3c3-8f11-43ea-8c70-96f82fa4cda6,0,4,1,0
264,f5726084-fac8-4a36-b63a-88c184fa6b76,11,5,1,0
265,4fbddeb6-3675-4a9a-91c0-24a77fe7dabf,13,1,1,0
265,77f2b801-c6ac-4ae9-81c9-4d43fd679b7f,0,4,1,0
265,2302f02c-c357-4d8f-9300-7d044f16ae30,24,1,1,0
265,6fb7f9a5-0d81-4b4a-ab14-8d6072a85b95,13,2,1,0
265,8bbfa3c3-8f11-43ea-8c70-96f82fa4cda6,0,4,1,0
265,f5726084-fac8-4a36-b63a-88c184fa6b76,11,5,1,0
266,4fbddeb6-3675-4a9a-91c0-24a77fe7dabf,13,1,1,0
266,77f2b801-c6ac-4ae9-81c9-4d43fd679b7f,0,4,1,0
266,2302f02c-c357-4d8f-9300-7d044f16ae30,24,1,1,0
266,6fb7f9a5-0d81-4b4a-ab14-8d6072a85b95,13,2,1,0
266,8bbfa3c3-8f11-43ea-8c70-96f82fa4cda6,0,4,1,0
266,f5726084-fac8-4a36-b63a-88c184fa6b76,11,5,1,0
267,4fbddeb6-3675-4a9a-91c0-24a77fe7dabf,13,1,1,0
267,77f2b801-c6ac-4ae9-81c9-4d43fd679b7f,0,4,1,0
267,2302f02c-c357-4d8f-9300-7d044f16ae30,24,1,1,0
267,6fb7f9a5-0d81-4b4a-ab14-8d6072a85b95,13,2,1,0
267,8bbfa3c3-8f11-43ea-8c70-96f82fa4cda6,0,4,1,0
267,f5726084-fac8-4a36-b63a-88c184fa6b76,11,5,1,0
268,4fbddeb6-3675-4a9a-91c0-24a77fe7dabf,13,1,1,0
268,77f2b801-c6ac-4ae9-81c9-4d43fd679b7f,0,4,1,0
268,2302f02c-c357-4d8f-9300-7d044f16ae30,24,1,1,0
268,6fb7f9a5-0d81-4b4a-ab14-8d6072a85b95,13,2,1,0
268,8bbfa3c3-8f11-43ea-8c70-96f82fa4cda6,0,4,1,0
268,f5726084-fac8-4a36-b63a-88c184fa6b76,11,5,1,0
269,4fbddeb6-3675-4a9a-91c0-24a77fe7dabf,13,1,1,0
269,77f2b801-c6ac-4ae9-81c9-4d43fd679b7f,0,4,1,0
269,2302f02c-c357-4d8f-9300-7d044f16ae30,24,1,1,0
269,6fb7f9a5-0d81-4b4a-ab14-8d6072a85b95,13,2,1,0
269,8bbfa3c3-8f11-43ea-8c70-96f82fa4cda6,0,4,1,0
269,f5726084-fac8-4a36-b63a-88c184fa6b76,11,5,1,0
270,4fbddeb6-3675-4a9a-91c0-24a77fe7dabf,13,1,1,0
270,77f2b801-c6ac-4ae9-81c9-4d43fd679b7f,0,4,1,0
270,2302f02c-c357-4d8f-9300-7d044f16ae30,24,1,1,0
270,6fb7f9a5-0d81-4b4a-ab14-8d6072a85b95,13,2,1,0
270,8bbfa3c3-8f11-43ea-8c70-96f82fa4cda6,0,4,1,0
270,f5726084-fac8-4a36-b63a-88c184fa6b76,11,5,1,0
271,4fbddeb6-3675-4a9a-91c0-24a77fe7dabf,13,1,1,0
271,77f2b801-c6ac-4ae9-81c9-4d43fd679b7f,0,4,1,0
271,2302f02c-c357-4d8f-9300-7d044f16ae30,24,1,1,0
271,6fb7f9a5-0d81-4b4a-ab14-8d6072a85b95,13,2,1,0
271,8bbfa3c3-8f11-43ea-8c70-96f82fa4cda6,0,4,1,0
271,f5726084-fac8-4a36-b63a-88c184fa6b76,11,5,1,0
272,4fbddeb6-3675-4a9a-91c0-24a77fe7dabf,13,1,1,0
272,77f2b801-c6ac-4ae9-81c9-4d43fd679b7f,0,4,1,0
272,2302f02c-c357-4d8f-9300-7d044f16ae30,24,1,1,0
272,6fb7f9a5-0d81-4b4a-ab14-8d6072a85b95,13,2,1,0
272,8bbfa3c3-8f11-43ea-8c70-96f82fa4cda6,0,4,1,0
272,f5726084-fac8-4a36-b63a-88c184fa6b76,11,5,1,0
273,4fbddeb6-3675-4a9a-91c0-24a77fe7dabf,13,1,1,0
273,77f2b801-c6ac-4ae9-81c9-4d43fd679b7f,0,4,1,0
273,2302f02c-c357-4d8f-9300-7d044f16ae30,24,1,1,0
273,6fb7f9a5-0d81-4b4a-ab14-8d6072a85b95,13,2,1,0
273,8bbfa3c3-8f11-43ea-8c70-96f82fa4cda6,0,4,1,0
273,f5726084-fac8-4a36-b63a-88c184fa6b76,11,5,1,0
274,4fbddeb6-3675-4a9a-91c0-24a77fe7dabf,13,1,1,0
274,77f2b801-c6ac-4ae9-81c9-4d43fd679b7f,0,4,1,0
274,2302f02c-c357-4d8f-9300-7d044f16ae30,24,1,1,0
274,6fb7f9a5-0d81-4b4a-ab14-8d6072a85b95,13,2,1,0
274,8bbfa3c3-8f11-43ea-8c70-96f82fa4cda6,0,4,1,0
274,f5726084-fac8-4a36-b63a-88c184fa6b76,11,5,1,0
275,4fbddeb6-3675-4a9a-91c0-24a77fe7dabf,13,1,1,0
275,77f2b801-c6ac-4ae9-81c9-4d43fd679b7f,0,4,1,0
275,2302f02c-c357-4d8f-9300-7d044f16ae30,24,1,1,0
275,6fb7f9a5-0d81-4b4a-ab14-8d6072a85b95,13,2,1,0
275,8bbfa3c3-8f11-43ea-8c70-96f82fa4cda6,0,4,1,0
275,f5726084-fac8-4a36-b63a-88c184fa6b76,11,5,1,0
276,4fbddeb6-3675-4a9a-91c0-24a77fe7dabf,13,1,1,0
276,77f2b801-c6ac-4ae9-81c9-4d43fd679b7f,0,4,1,0
276,2302f02c-c357-4d8f-9300-7d044f16ae30,24,1,1,0
276,6fb7f9a5-0d81-4b4a-ab14-8d6072a85b95,13,2,1,0
276,8bbfa3c3-8f11-43ea-8c70-96f82fa4cda6,0,4,1,0
276,f5726084-fac8-4a36-b63a-88c184fa6b76,11,5,1,0
277,4fbddeb6-3675-4a9a-91c0-24a77fe7dabf,13,1,1,0
277,77f2b801-c6ac-4ae9-81c9-4d43fd679b7f,0,4,1,0
277,2302f02c-c357-4d8f-9300-7d044f16ae30,24,1,1,0
277,6fb7f9a5-0d81-4b4a-ab14-8d6072a85b95,13,2,1,0
277,8bbfa3c3-8f11-43ea-8c70-96f82fa4cda6,0,4,1,0
277,f5726084-fac8-4a36-b63a-88c184fa6b76,11,5,1,0
278,4fbddeb6-3675-4a9a-91c0-24a77fe7dabf,13,1,1,0
278,77f2b801-c6ac-4ae9-81c9-4d43fd679b7f,0,4,1,0
278,2302f02c-c357-4d8f-9300-7d044f16ae30,24,1,1,0
278,6fb7f9a5-0d81-4b4a-ab14-8d6072a85b95,13,2,1,0
278,8bbfa3c3-8f11-43ea-8c70-96f82fa4cda6,0,4,1,0
278,f5726084-fac8-4a36-b63a-88c184fa6b76,11,5,1,0
279,4fbddeb6-3675-4a9a-91c0-24a77fe7dabf,13,1,1,0
279,77f2b801-c6ac-4ae9-81c9-4d43fd679b7f,0,4,1,0
279,2302f02c-c357-4d8f-9300-7d044f16ae30,24,1,1,0
279,6fb7f9a5-0d81-4b4a-ab14-8d6072a85b95,13,2,1,0
279,8bbfa3c3-8f11-43ea-8c70-96f82fa4cda6,0,4,1,0
279,f5726084-fac8-4a36-b63a-88c184fa6b76,11,5,1,0
280,4fbddeb6-3675-4a9a-91c0-24a77fe7dabf,13,1,1,0
280,77f2b801-c6ac-4ae9-81c9-4d43fd679b7f,0,4,1,0
280,2302f02c-c357-4d8f-9300-7d044f16ae30,24,1,1,0
280,6fb7f9a5-0d81-4b4a-ab14-8d6072a85b95,13,2,1,0
280,8bbfa3c3-8f11-43ea-8c70-96f82fa4cda6,0,4,1,0
280,f5726084-fac8-4a36-b63a-88c184fa6b76,11,5,1,0
281,4fbddeb6-3675-4a9a-91c0-24a77fe7dabf,13,1,1,0
281,77f2b801-c6ac-4ae9-81c9-4d43fd679b7f,0,4,1,0
281,2302f02c-c357-4d8f-9300-7d044f16ae30,24,1,1,0
281,6fb7f9a5-0d81-4b4a-ab14-8d6072a85b95,13,2,1,0
281,8bbfa3c3-8f11-43ea-8c70-96f82fa4cda6,0,4,1,0
281,f5726084-fac8-4a36-b63a-88c184fa6b76,11,5,1,0
282,4fbddeb6-3675-4a9a-91c0-24a77fe7dabf,13,1,1,0
282,77f2b801-c6ac-4ae9-81c9-4d43fd679b7f,0,4,1,0
282,2302f02c-c357-4d8f-9300-7d044f16ae30,24,1,1,0
282,6fb7f9a5-0d81-4b4a-ab14-8d6072a85b95,13,2,1,0
282,8bbfa3c3-8f11-43ea-8c70-96f82fa4cda6,0,4,1,0
282,f5726084-fac8-4a36-b63a-88c184fa6b76,11,5,1,0
283,4fbddeb6-3675-4a9a-91c0-24a77fe7dabf,13,1,1,0
283,77f2b801-c6ac-4ae9-81c9-4d43fd679b7f,0,4,1,0
283,2302f02c-c357-4d8f-9300-7d044f16ae30,24,1,1,0
283,6fb7f9a5-0d81-4b4a-ab14-8d6072a85b95,13,2,1,0
283,8bbfa3c3-8f11-43ea-8c70-96f82fa4cda6,0,4,1,0
283,f5726084-fac8-4a36-b63a-88c184fa6b76,11,5,1,0
284,4fbddeb6-3675-4a9a-91c0-24a77fe7dabf,13,1,1,0
284,77f2b801-c6ac-4ae9-81c9-4d43fd679b7f,0,4,1,0
284,2302f02c-c357-4d8f-9300-7d044f16ae30,24,1,1,0
284,6fb7f9a5-0d81-4b4a-ab14-8d6072a85b95,13,2,1,0
284,8bbfa3c3-8f11-43ea-8c70-96f82fa4cda6,0,4,1,0
284,f5726084-fac8-4a36-b63a-88c184fa6b76,11,5,1,0
285,4fbddeb6-3675-4a9a-91c0-24a77fe7dabf,13,1,1,0
285,77f2b801-c6ac-4ae9-81c9-4d43fd679b7f,0,4,1,0
285,2302f02c-c357-4d8f-9300-7d044f16ae30,24,1,1,0
285,6fb7f9a5-0d81-4b4a-ab14-8d6072a85b95,13,2,1,0
285,8bbfa3c3-8f11-43ea-8c70-96f82fa4cda6,0,4,1,0
285,f5726084-fac8-4a36-b63a-88c184fa6b76,11,5,1,0
286,4fbddeb6-3675-4a9a-91c0-24a77fe7dabf,13,1,1,0
286,77f2b801-c6ac-4ae9-81c9-4d43fd679b7f,0,4,1,0
286,2302f02c-c357-4d8f-9300-7d044f16ae30,24,1,1,0
286,6fb7f9a5-0d81-4b4a-ab14-8d6072a85b95,13,2,1,0
286,8bbfa3c3-8f11-43ea-8c70-96f82fa4cda6,0,4,1,0
286,f5726084-fac8-4a36-b63a-88c184fa6b76,11,5,1,0
287,4fbddeb6-3675-4a9a-91c0-24a77fe7dabf,13,1,1,0
287,77f2b801-c6ac-4ae9-81c9-4d43fd679b7f,0,4,1,0
287,2302f02c-c357-4d8f-9300-7d044f16ae30,24,1,1,0
287,6fb7f9a5-0d81-4b4a-ab14-8d6072a85b95,13,2,1,0
287,8bbfa3c3-8f11-43ea-8c70-96f82fa4cda6,0,4,1,0
287,f5726084-fac8-4a36-b63a-88c184fa6b76,11,5,1,0
288,4fbddeb6-3675-4a9a-91c0-24a77fe7dabf,13,1,1,0
288,77f2b801-c6ac-4ae9-81c9-4d43fd679b7f,0,4,1,0
288,2302f02c-c357-4d8f-9300-7d044f16ae30,24,1,1,0
288,6fb7f9a5-0d81-4b4a-ab14-8d6072a85b95,13,2,1,0
288,8bbfa3c3-8f11-43ea-8c70-96f82fa4cda6,0,4,1,0
288,f5726084-fac8-4a36-b63a-88c184fa6b76,11,5,1,0
289,4fbddeb6-3675-4a9a-91c0-24a77fe7dabf,13,1,1,0
289,77f2b801-c6ac-4ae9-81c9-4d43fd679b7f,0,4,1,0
289,2302f02c-c357-4d8f-9300-7d044f16ae30,24,1,1,0
289,6fb7f9a5-0d81-4b4a-ab14-8d6072a85b95,13,2,1,0
289,8bbfa3c3-8f11-43ea-8c70-96f82fa4cda6,0,4,1,0
289,f5726084-fac8-4a36-b63a-88c184fa6b76,11,5,1,0
290,4fbddeb6-3675-4a9a-91c0-24a77fe7dabf,13,1,1,0
290,77f2b801-c6ac-4ae9-81c9-4d43fd679b7f,0,4,1,0
290,2302f02c-c357-4d8f-9300-7d044f16ae30,24,1,1,0
290,6fb7f9a5-0d81-4b4a-ab14-8d6072a85b95,13,2,1,0
290,8bbfa3c3-8f11-43ea-8c70-96f82fa4cda6,0,4,1,0
290,f5726084-fac8-4a36-b63a-88c184fa6b76,11,5,1,0
291,4fbddeb6-3675-4a9a-91c0-24a77fe7dabf,13,1,1,0
291,77f2b801-c6ac-4ae9-81c9-4d43fd679b7f,0,4,1,0
291,2302f02c-c357-4d8f-9300-7d044f16ae30,24,1,1,0
291,6fb7f9a5-0d81-4b4a-ab14-8d6072a85b95,13,2,1,0
291,8bbfa3c3-8f11-43ea-8c70-96f82fa4cda6,0,4,1,0
291,f5726084-fac8-4a36-b63a-88c184fa6b76,11,5,1,0
292,4fbddeb6-3675-4a9a-91c0-24a77fe7dabf,13,1,1,0
292,77f2b801-c6ac-4ae9-81c9-4d43fd679b7f,0,4,1,0
292,2302f02c-c357-4d8f-9300-7d044f16ae30,24,1,1,0
292,6fb7f9a5-0d81-4b4a-ab14-8d6072a85b95,13,2,1,0
292,8bbfa3c3-8f11-43ea-8c70-96f82fa4cda6,0,4,1,0
292,f5726084-fac8-4a36-b63a-88c184fa6b76,11,5,1,0
293,4fbddeb6-3675-4a9a-91c0-24a77fe7dabf,13,1,1,0
293,77f2b801-c6ac-4ae9-81c9-4d43fd679b7f,0,4,1,0
293,2302f02c-c357-4d8f-9300-7d044f16ae30,24,1,1,0
293,6fb7f9a5-0d81-4b4a-ab14-8d6072a85b95,13,2,1,0
293,8bbfa3c3-8f11-43ea-8c70-96f82fa4cda6,0,4,1,0
293,f5726084-fac8-4a36-b63a-88c184fa6b76,11,5,1,0
294,4fbddeb6-3675-4a9a-91c0-24a77fe7dabf,13,1,1,0
294,77f2b801-c6ac-4ae9-81c9-4d43fd679b7f,0,4,1,0
294,2302f02c-c357-4d8f-9300-7d044f16ae30,24,1,1,0
294,6fb7f9a5-0d81-4b4a-ab14-8d6072a85b95,13,2,1,0
294,8bbfa3c3-8f11-43ea-8c70-96f82fa4cda6,0,4,1,0
294,f5726084-fac8-4a36-b63a-88c184fa6b76,11,5,1,0
295,4fbddeb6-3675-4a9a-91c0-24a77fe7dabf,13,1,1,0
295,77f2b801-c6ac-4ae9-81c9-4d43fd679b7f,0,4,1,0
295,2302f02c-c357-4d8f-9300-7d044f16ae30,24,1,1,0
295,6fb7f9a5-0d81-4b4a-ab14-8d6072a85b95,13,2,1,0
295,8bbfa3c3-8f11-43ea-8c70-96f82fa4cda6,0,4,1,0
295,f5726084-fac8-4a36-b63a-88c184fa6b76,11,5,1,0
296,4fbddeb6-3675-4a9a-91c0-24a77fe7dabf,13,1,1,0
296,77f2b801-c6ac-4ae9-81c9-4d43fd679b7f,0,4,1,0
296,2302f02c-c357-4d8f-9300-7d044f16ae30,24,1,1,0
296,6fb7f9a5-0d81-4b4a-ab14-8d6072a85b95,13,2,1,0
296,8bbfa3c3-8f11-43ea-8c70-96f82fa4cda6,0,4,1,0
296,f5726084-fac8-4a36-b63a-88c184fa6b76,11,5,1,0
297,4fbddeb6-3675-4a9a-91c0-24a77fe7dabf,13,1,1,0
297,77f2b801-c6ac-4ae9-81c9-4d43fd679b7f,0,4,1,0
297,2302f02c-c357-4d8f-9300-7d044f16ae30,24,1,1,0
297,6fb7f9a5-0d81-4b4a-ab14-8d6072a85b95,13,2,1,0
297,8bbfa3c3-8f11-43ea-8c70-96f82fa4cda6,0,4,1,0
297,f5726084-fac8-4a36-b63a-88c184fa6b76,11,5,1,0
298,4fbddeb6-3675-4a9a-91c0-24a77fe7dabf,13,1,1,0
298,77f2b801-c6ac-4ae9-81c9-4d43fd679b7f,0,4,1,0
298,2302f02c-c357-4d8f-9300-7d044f16ae30,24,1,1,0
298,6fb7f9a5-0d81-4b4a-ab14-8d6072a85b95,13,2,1,0
298,8bbfa3c3-8f11-43ea-8c70-96f82fa4cda6,0,4,1,0
298,f5726084-fac8-4a36-b63a-88c184fa6b76,11,5,1,0
299,4fbddeb6-3675-4a9a-91c0-24a77fe7dabf,13,1,1,0
299,77f2b801-c6ac-4ae9-81c9-4d43fd679b7f,0,4,1,0
299,2302f02c-c357-4d8f-9300-7d044f16ae30,24,1,1,0
299,6fb7f9a5-0d81-4b4a-ab14-8d6072a85b95,13,2,1,0
299,8bbfa3c3-8f11-43ea-8c70-96f82fa4cda6,0,4,1,0
299,f5726084-fac8-4a36-b63a-88c184fa6b76,11,5,1,0
